MasterCatalogName,ProductCode,VariationCode,Enabled,ExtraPrice,FixedListPrice,FixedSalePrice,FixedMSRP,DeltaMSRP,FixedWeight,ExtraWeight,ExtraCost,FulfillmentTypes,MfgPartNo,UPC,DistPartNo,brand-colors,shoe-size,faset-color,size
Mystic_Dev,Backp-6251,Backp-6251-4,Yes,,,,,,,0.0000,,"DirectShip,InStorePickup",,,,,,Zinc-Grey/TNF-Black,
Mystic_Dev,Backp-6251,Backp-6251-3,Yes,,,,,,,0.0000,,"DirectShip,InStorePickup",,,,,,TNF-Black,
Mystic_Dev,Backp-6251,Backp-6251-2,Yes,,,,,,,0.0000,,"DirectShip,InStorePickup",,,,,,Brandy-Brown/Burnt-Ochre,
Mystic_Dev,Backp-6251,Backp-6251-1,Yes,,,,,,,0.0000,,"DirectShip,InStorePickup",,,,,,Asphalt-Grey/Silver-Reflective,
Mystic_Dev,COSTA2,COSTA2-7,Yes,,,,,,,0.0000,,"DirectShip,InStorePickup",,,,,10,,
Mystic_Dev,COSTA2,COSTA2-6,Yes,,,,,,,0.0000,,"DirectShip,InStorePickup",,,,,9,,
Mystic_Dev,COSTA2,COSTA2-5,Yes,,,,,,,0.0000,,"DirectShip,InStorePickup",,,,,8.5,,
Mystic_Dev,COSTA2,COSTA2-4,Yes,,,,,,,0.0000,,"DirectShip,InStorePickup",,,,,8,,
Mystic_Dev,COSTA2,COSTA2-3,Yes,,,,,,,0.0000,,"DirectShip,InStorePickup",,,,,7.5,,
Mystic_Dev,COSTA2,COSTA2-2,Yes,,,,,,,0.0000,,"DirectShip,InStorePickup",,,,,7,,
Mystic_Dev,COSTA2,COSTA2-1,Yes,,,,,,,0.0000,,"DirectShip,InStorePickup",,,,,6,,
Mystic_Dev,787874,787874-1,Yes,,174.9900,,,,,0.0000,,"DirectShip,InStorePickup",,,,,,Brown,9
Mystic_Dev,787873,787873-1,Yes,,249.9900,,,,,0.0000,,"DirectShip,InStorePickup",,,,,,Black,9
Mystic_Dev,787872,787872-2,Yes,,0.0000,,,,,0.0000,,"DirectShip,InStorePickup",,,,,,Nutmeg,9
Mystic_Dev,787872,787872-1,Yes,,,,,,,0.0000,,"DirectShip,InStorePickup",,,,,,Copper,9
Mystic_Dev,221546M140004,221546M140004-3,Yes,,,,,,,0.0000,,"DirectShip,InStorePickup,Delivery",,,,,,,Small
Mystic_Dev,221546M140004,221546M140004-2,Yes,,,,,,,0.0000,,"DirectShip,InStorePickup,Delivery",,,,,,,Medium
Mystic_Dev,221546M140004,221546M140004-1,Yes,,,,,,,0.0000,,"DirectShip,InStorePickup,Delivery",,,,,,,Large
Mystic_Dev,HikeJack_011,HikeJack_011-10,Yes,,,,,,,0.0000,,"DirectShip,InStorePickup",,,,Marionberry,,,Extra Large
Mystic_Dev,HikeJack_011,HikeJack_011-9,Yes,,,,,,,0.0000,,"DirectShip,InStorePickup",,,,Marionberry,,,Large
Mystic_Dev,HikeJack_011,HikeJack_011-8,Yes,,,,,,,0.0000,,"DirectShip,InStorePickup",,,,Marionberry,,,Medium
Mystic_Dev,HikeJack_011,HikeJack_011-7,Yes,,,,,,,0.0000,,"DirectShip,InStorePickup",,,,Marionberry,,,Small
Mystic_Dev,HikeJack_011,HikeJack_011-6,Yes,,,,,,,0.0000,,"DirectShip,InStorePickup",,,,Marionberry,,,XS
Mystic_Dev,HikeJack_011,HikeJack_011-5,Yes,,,,,,,0.0000,,"DirectShip,InStorePickup",,,,Black,,,Extra Large
Mystic_Dev,HikeJack_011,HikeJack_011-4,Yes,,,,,,,0.0000,,"DirectShip,InStorePickup",,,,Black,,,Large
Mystic_Dev,HikeJack_011,HikeJack_011-3,Yes,,,,,,,0.0000,,"DirectShip,InStorePickup",,,,Black,,,Medium
Mystic_Dev,HikeJack_011,HikeJack_011-2,Yes,,,,,,,0.0000,,"DirectShip,InStorePickup",,,,Black,,,Small
Mystic_Dev,HikeJack_011,HikeJack_011-1,Yes,,,,,,,0.0000,,"DirectShip,InStorePickup",,,,Black,,,XS
Mystic_Dev,HikeJack_010,HikeJack_010-75,Yes,,,,,,,0.0000,,"DirectShip,InStorePickup",,,,Wild-Rose,,,Extra Large
Mystic_Dev,HikeJack_010,HikeJack_010-74,Yes,,,,,,,0.0000,,"DirectShip,InStorePickup",,,,Wild-Rose,,,Large
Mystic_Dev,HikeJack_010,HikeJack_010-73,Yes,,,,,,,0.0000,,"DirectShip,InStorePickup",,,,Wild-Rose,,,Medium
Mystic_Dev,HikeJack_010,HikeJack_010-72,Yes,,,,,,,0.0000,,"DirectShip,InStorePickup",,,,Wild-Rose,,,Small
Mystic_Dev,HikeJack_010,HikeJack_010-71,Yes,,,,,,,0.0000,,"DirectShip,InStorePickup",,,,Wild-Rose,,,XS
Mystic_Dev,HikeJack_010,HikeJack_010-70,Yes,,,,,,,0.0000,,"DirectShip,InStorePickup",,,,Urban-Army,,,Extra Large
Mystic_Dev,HikeJack_010,HikeJack_010-69,Yes,,,,,,,0.0000,,"DirectShip,InStorePickup",,,,Urban-Army,,,Large
Mystic_Dev,HikeJack_010,HikeJack_010-68,Yes,,,,,,,0.0000,,"DirectShip,InStorePickup",,,,Urban-Army,,,Medium
Mystic_Dev,HikeJack_010,HikeJack_010-67,Yes,,,,,,,0.0000,,"DirectShip,InStorePickup",,,,Urban-Army,,,Small
Mystic_Dev,HikeJack_010,HikeJack_010-66,Yes,,,,,,,0.0000,,"DirectShip,InStorePickup",,,,Urban-Army,,,XS
Mystic_Dev,HikeJack_010,HikeJack_010-65,Yes,,,,,,,0.0000,,"DirectShip,InStorePickup",,,,Sunny-Lime,,,Extra Large
Mystic_Dev,HikeJack_010,HikeJack_010-64,Yes,,,,,,,0.0000,,"DirectShip,InStorePickup",,,,Sunny-Lime,,,Large
Mystic_Dev,HikeJack_010,HikeJack_010-63,Yes,,,,,,,0.0000,,"DirectShip,InStorePickup",,,,Sunny-Lime,,,Medium
Mystic_Dev,HikeJack_010,HikeJack_010-62,Yes,,,,,,,0.0000,,"DirectShip,InStorePickup",,,,Sunny-Lime,,,Small
Mystic_Dev,HikeJack_010,HikeJack_010-61,Yes,,,,,,,0.0000,,"DirectShip,InStorePickup",,,,Sunny-Lime,,,XS
Mystic_Dev,HikeJack_010,HikeJack_010-60,Yes,,,,,,,0.0000,,"DirectShip,InStorePickup",,,,Skyrise/Paradise,,,Extra Large
Mystic_Dev,HikeJack_010,HikeJack_010-59,Yes,,,,,,,0.0000,,"DirectShip,InStorePickup",,,,Skyrise/Paradise,,,Large
Mystic_Dev,HikeJack_010,HikeJack_010-58,Yes,,,,,,,0.0000,,"DirectShip,InStorePickup",,,,Skyrise/Paradise,,,Medium
Mystic_Dev,HikeJack_010,HikeJack_010-57,Yes,,,,,,,0.0000,,"DirectShip,InStorePickup",,,,Skyrise/Paradise,,,Small
Mystic_Dev,HikeJack_010,HikeJack_010-56,Yes,,,,,,,0.0000,,"DirectShip,InStorePickup",,,,Skyrise/Paradise,,,XS
Mystic_Dev,HikeJack_010,HikeJack_010-55,Yes,,,,,,,0.0000,,"DirectShip,InStorePickup",,,,Sea-Breeze/Arctic-Navy,,,Extra Large
Mystic_Dev,HikeJack_010,HikeJack_010-54,Yes,,,,,,,0.0000,,"DirectShip,InStorePickup",,,,Sea-Breeze/Arctic-Navy,,,Large
Mystic_Dev,HikeJack_010,HikeJack_010-53,Yes,,,,,,,0.0000,,"DirectShip,InStorePickup",,,,Sea-Breeze/Arctic-Navy,,,Medium
Mystic_Dev,HikeJack_010,HikeJack_010-52,Yes,,,,,,,0.0000,,"DirectShip,InStorePickup",,,,Sea-Breeze/Arctic-Navy,,,Small
Mystic_Dev,HikeJack_010,HikeJack_010-51,Yes,,,,,,,0.0000,,"DirectShip,InStorePickup",,,,Sea-Breeze/Arctic-Navy,,,XS
Mystic_Dev,HikeJack_010,HikeJack_010-50,Yes,,,,,,,0.0000,,"DirectShip,InStorePickup",,,,Pop-Green,,,Extra Large
Mystic_Dev,HikeJack_010,HikeJack_010-49,Yes,,,,,,,0.0000,,"DirectShip,InStorePickup",,,,Pop-Green,,,Large
Mystic_Dev,HikeJack_010,HikeJack_010-48,Yes,,,,,,,0.0000,,"DirectShip,InStorePickup",,,,Pop-Green,,,Medium
Mystic_Dev,HikeJack_010,HikeJack_010-47,Yes,,,,,,,0.0000,,"DirectShip,InStorePickup",,,,Pop-Green,,,Small
Mystic_Dev,HikeJack_010,HikeJack_010-46,Yes,,,,,,,0.0000,,"DirectShip,InStorePickup",,,,Pop-Green,,,XS
Mystic_Dev,HikeJack_010,HikeJack_010-45,Yes,,,,,,,0.0000,,"DirectShip,InStorePickup",,,,Persian-Red,,,Extra Large
Mystic_Dev,HikeJack_010,HikeJack_010-44,Yes,,,,,,,0.0000,,"DirectShip,InStorePickup",,,,Persian-Red,,,Large
Mystic_Dev,HikeJack_010,HikeJack_010-43,Yes,,,,,,,0.0000,,"DirectShip,InStorePickup",,,,Persian-Red,,,Medium
Mystic_Dev,HikeJack_010,HikeJack_010-42,Yes,,,,,,,0.0000,,"DirectShip,InStorePickup",,,,Persian-Red,,,Small
Mystic_Dev,HikeJack_010,HikeJack_010-41,Yes,,,,,,,0.0000,,"DirectShip,InStorePickup",,,,Persian-Red,,,XS
Mystic_Dev,HikeJack_010,HikeJack_010-40,Yes,,,,,,,0.0000,,"DirectShip,InStorePickup",,,,Olive,,,Extra Large
Mystic_Dev,HikeJack_010,HikeJack_010-39,Yes,,,,,,,0.0000,,"DirectShip,InStorePickup",,,,Olive,,,Large
Mystic_Dev,HikeJack_010,HikeJack_010-38,Yes,,,,,,,0.0000,,"DirectShip,InStorePickup",,,,Olive,,,Medium
Mystic_Dev,HikeJack_010,HikeJack_010-37,Yes,,,,,,,0.0000,,"DirectShip,InStorePickup",,,,Olive,,,Small
Mystic_Dev,HikeJack_010,HikeJack_010-36,Yes,,,,,,,0.0000,,"DirectShip,InStorePickup",,,,Olive,,,XS
Mystic_Dev,HikeJack_010,HikeJack_010-35,Yes,,,,,,,0.0000,,"DirectShip,InStorePickup",,,,Neon-Berry,,,Extra Large
Mystic_Dev,HikeJack_010,HikeJack_010-34,Yes,,,,,,,0.0000,,"DirectShip,InStorePickup",,,,Neon-Berry,,,Large
Mystic_Dev,HikeJack_010,HikeJack_010-33,Yes,,,,,,,0.0000,,"DirectShip,InStorePickup",,,,Neon-Berry,,,Medium
Mystic_Dev,HikeJack_010,HikeJack_010-32,Yes,,,,,,,0.0000,,"DirectShip,InStorePickup",,,,Neon-Berry,,,Small
Mystic_Dev,HikeJack_010,HikeJack_010-31,Yes,,,,,,,0.0000,,"DirectShip,InStorePickup",,,,Neon-Berry,,,XS
Mystic_Dev,HikeJack_010,HikeJack_010-30,Yes,,,,,,,0.0000,,"DirectShip,InStorePickup",,,,Green-Frost/Green-Garnet,,,Extra Large
Mystic_Dev,HikeJack_010,HikeJack_010-29,Yes,,,,,,,0.0000,,"DirectShip,InStorePickup",,,,Green-Frost/Green-Garnet,,,Large
Mystic_Dev,HikeJack_010,HikeJack_010-28,Yes,,,,,,,0.0000,,"DirectShip,InStorePickup",,,,Green-Frost/Green-Garnet,,,Medium
Mystic_Dev,HikeJack_010,HikeJack_010-27,Yes,,,,,,,0.0000,,"DirectShip,InStorePickup",,,,Green-Frost/Green-Garnet,,,Small
Mystic_Dev,HikeJack_010,HikeJack_010-26,Yes,,,,,,,0.0000,,"DirectShip,InStorePickup",,,,Green-Frost/Green-Garnet,,,XS
Mystic_Dev,HikeJack_010,HikeJack_010-25,Yes,,,,,,,0.0000,,"DirectShip,InStorePickup",,,,Gemstone,,,Extra Large
Mystic_Dev,HikeJack_010,HikeJack_010-24,Yes,,,,,,,0.0000,,"DirectShip,InStorePickup",,,,Gemstone,,,Large
Mystic_Dev,HikeJack_010,HikeJack_010-23,Yes,,,,,,,0.0000,,"DirectShip,InStorePickup",,,,Gemstone,,,Medium
Mystic_Dev,HikeJack_010,HikeJack_010-22,Yes,,,,,,,0.0000,,"DirectShip,InStorePickup",,,,Gemstone,,,Small
Mystic_Dev,HikeJack_010,HikeJack_010-21,Yes,,,,,,,0.0000,,"DirectShip,InStorePickup",,,,Gemstone,,,XS
Mystic_Dev,HikeJack_010,HikeJack_010-20,Yes,,,,,,,0.0000,,"DirectShip,InStorePickup",,,,Fuchsia,,,Extra Large
Mystic_Dev,HikeJack_010,HikeJack_010-19,Yes,,,,,,,0.0000,,"DirectShip,InStorePickup",,,,Fuchsia,,,Large
Mystic_Dev,HikeJack_010,HikeJack_010-18,Yes,,,,,,,0.0000,,"DirectShip,InStorePickup",,,,Fuchsia,,,Medium
Mystic_Dev,HikeJack_010,HikeJack_010-17,Yes,,,,,,,0.0000,,"DirectShip,InStorePickup",,,,Fuchsia,,,Small
Mystic_Dev,HikeJack_010,HikeJack_010-16,Yes,,,,,,,0.0000,,"DirectShip,InStorePickup",,,,Fuchsia,,,XS
Mystic_Dev,HikeJack_010,HikeJack_010-15,Yes,,,,,,,0.0000,,"DirectShip,InStorePickup",,,,Dusty-Denim,,,Extra Large
Mystic_Dev,HikeJack_010,HikeJack_010-14,Yes,,,,,,,0.0000,,"DirectShip,InStorePickup",,,,Dusty-Denim,,,Large
Mystic_Dev,HikeJack_010,HikeJack_010-13,Yes,,,,,,,0.0000,,"DirectShip,InStorePickup",,,,Dusty-Denim,,,Medium
Mystic_Dev,HikeJack_010,HikeJack_010-12,Yes,,,,,,,0.0000,,"DirectShip,InStorePickup",,,,Dusty-Denim,,,Small
Mystic_Dev,HikeJack_010,HikeJack_010-11,Yes,,,,,,,0.0000,,"DirectShip,InStorePickup",,,,Dusty-Denim,,,XS
Mystic_Dev,HikeJack_010,HikeJack_010-10,Yes,,,,,,,0.0000,,"DirectShip,InStorePickup",,,,Dark-Purple,,,Extra Large
Mystic_Dev,HikeJack_010,HikeJack_010-9,Yes,,,,,,,0.0000,,"DirectShip,InStorePickup",,,,Dark-Purple,,,Large
Mystic_Dev,HikeJack_010,HikeJack_010-8,Yes,,,,,,,0.0000,,"DirectShip,InStorePickup",,,,Dark-Purple,,,Medium
Mystic_Dev,HikeJack_010,HikeJack_010-7,Yes,,,,,,,0.0000,,"DirectShip,InStorePickup",,,,Dark-Purple,,,Small
Mystic_Dev,HikeJack_010,HikeJack_010-6,Yes,,,,,,,0.0000,,"DirectShip,InStorePickup",,,,Dark-Purple,,,XS
Mystic_Dev,HikeJack_010,HikeJack_010-5,Yes,,,,,,,0.0000,,"DirectShip,InStorePickup",,,,Citrus-Ice,,,Extra Large
Mystic_Dev,HikeJack_010,HikeJack_010-4,Yes,,,,,,,0.0000,,"DirectShip,InStorePickup",,,,Citrus-Ice,,,Large
Mystic_Dev,HikeJack_010,HikeJack_010-3,Yes,,,,,,,0.0000,,"DirectShip,InStorePickup",,,,Citrus-Ice,,,Medium
Mystic_Dev,HikeJack_010,HikeJack_010-2,Yes,,,,,,,0.0000,,"DirectShip,InStorePickup",,,,Citrus-Ice,,,Small
Mystic_Dev,HikeJack_010,HikeJack_010-1,Yes,,,,,,,0.0000,,"DirectShip,InStorePickup",,,,Citrus-Ice,,,XS
Mystic_Dev,HikeJack_009,HikeJack_009-15,Yes,,,,,,,0.0000,,"DirectShip,InStorePickup",,,,Radar-Blue/Big-Sur-Blue,,,Small
Mystic_Dev,HikeJack_009,HikeJack_009-14,Yes,,,,,,,0.0000,,"DirectShip,InStorePickup",,,,Radar-Blue/Big-Sur-Blue,,,XS
Mystic_Dev,HikeJack_009,HikeJack_009-13,Yes,,,,,,,0.0000,,"DirectShip,InStorePickup",,,,Radar-Blue/Big-Sur-Blue,,,XXS
Mystic_Dev,HikeJack_009,HikeJack_009-12,Yes,,,,,,,0.0000,,"DirectShip,InStorePickup",,,,Petoskey-Purple,,,Small
Mystic_Dev,HikeJack_009,HikeJack_009-11,Yes,,,,,,,0.0000,,"DirectShip,InStorePickup",,,,Petoskey-Purple,,,XS
Mystic_Dev,HikeJack_009,HikeJack_009-10,Yes,,,,,,,0.0000,,"DirectShip,InStorePickup",,,,Petoskey-Purple,,,XXS
Mystic_Dev,HikeJack_009,HikeJack_009-9,Yes,,,,,,,0.0000,,"DirectShip,InStorePickup",,,,Galah-Green/Nouveau-Green,,,Small
Mystic_Dev,HikeJack_009,HikeJack_009-8,Yes,,,,,,,0.0000,,"DirectShip,InStorePickup",,,,Galah-Green/Nouveau-Green,,,XS
Mystic_Dev,HikeJack_009,HikeJack_009-7,Yes,,,,,,,0.0000,,"DirectShip,InStorePickup",,,,Galah-Green/Nouveau-Green,,,XXS
Mystic_Dev,HikeJack_009,HikeJack_009-6,Yes,,,,,,,0.0000,,"DirectShip,InStorePickup",,,,Galah-Green,,,Small
Mystic_Dev,HikeJack_009,HikeJack_009-5,Yes,,,,,,,0.0000,,"DirectShip,InStorePickup",,,,Galah-Green,,,XS
Mystic_Dev,HikeJack_009,HikeJack_009-4,Yes,,,,,,,0.0000,,"DirectShip,InStorePickup",,,,Galah-Green,,,XXS
Mystic_Dev,HikeJack_009,HikeJack_009-3,Yes,,,,,,,0.0000,,"DirectShip,InStorePickup",,,,Carve-Coral,,,Small
Mystic_Dev,HikeJack_009,HikeJack_009-2,Yes,,,,,,,0.0000,,"DirectShip,InStorePickup",,,,Carve-Coral,,,XS
Mystic_Dev,HikeJack_009,HikeJack_009-1,Yes,,,,,,,0.0000,,"DirectShip,InStorePickup",,,,Carve-Coral,,,XXS
Mystic_Dev,HikeJack_008,HikeJack_008-42,Yes,,,,,,,0.0000,,"DirectShip,InStorePickup",,,,Moonlight-Ivory,,,XXL
Mystic_Dev,HikeJack_008,HikeJack_008-41,Yes,,,,,,,0.0000,,"DirectShip,InStorePickup",,,,Moonlight-Ivory,,,Extra Large
Mystic_Dev,HikeJack_008,HikeJack_008-40,Yes,,,,,,,0.0000,,"DirectShip,InStorePickup",,,,Moonlight-Ivory,,,Large
Mystic_Dev,HikeJack_008,HikeJack_008-39,Yes,,,,,,,0.0000,,"DirectShip,InStorePickup",,,,Moonlight-Ivory,,,Medium
Mystic_Dev,HikeJack_008,HikeJack_008-38,Yes,,,,,,,0.0000,,"DirectShip,InStorePickup",,,,Moonlight-Ivory,,,Small
Mystic_Dev,HikeJack_008,HikeJack_008-37,Yes,,,,,,,0.0000,,"DirectShip,InStorePickup",,,,Moonlight-Ivory,,,XS
Mystic_Dev,HikeJack_008,HikeJack_008-36,Yes,,,,,,,0.0000,,"DirectShip,InStorePickup",,,,Metallic-Silver,,,XXL
Mystic_Dev,HikeJack_008,HikeJack_008-35,Yes,,,,,,,0.0000,,"DirectShip,InStorePickup",,,,Metallic-Silver,,,Extra Large
Mystic_Dev,HikeJack_008,HikeJack_008-34,Yes,,,,,,,0.0000,,"DirectShip,InStorePickup",,,,Metallic-Silver,,,Large
Mystic_Dev,HikeJack_008,HikeJack_008-33,Yes,,,,,,,0.0000,,"DirectShip,InStorePickup",,,,Metallic-Silver,,,Medium
Mystic_Dev,HikeJack_008,HikeJack_008-32,Yes,,,,,,,0.0000,,"DirectShip,InStorePickup",,,,Metallic-Silver,,,Small
Mystic_Dev,HikeJack_008,HikeJack_008-31,Yes,,,,,,,0.0000,,"DirectShip,InStorePickup",,,,Metallic-Silver,,,XS
Mystic_Dev,HikeJack_008,HikeJack_008-30,Yes,,,,,,,0.0000,,"DirectShip,InStorePickup",,,,Honeysuckle-Pink,,,XXL
Mystic_Dev,HikeJack_008,HikeJack_008-29,Yes,,,,,,,0.0000,,"DirectShip,InStorePickup",,,,Honeysuckle-Pink,,,Extra Large
Mystic_Dev,HikeJack_008,HikeJack_008-28,Yes,,,,,,,0.0000,,"DirectShip,InStorePickup",,,,Honeysuckle-Pink,,,Large
Mystic_Dev,HikeJack_008,HikeJack_008-27,Yes,,,,,,,0.0000,,"DirectShip,InStorePickup",,,,Honeysuckle-Pink,,,Medium
Mystic_Dev,HikeJack_008,HikeJack_008-26,Yes,,,,,,,0.0000,,"DirectShip,InStorePickup",,,,Honeysuckle-Pink,,,Small
Mystic_Dev,HikeJack_008,HikeJack_008-25,Yes,,,,,,,0.0000,,"DirectShip,InStorePickup",,,,Honeysuckle-Pink,,,XS
Mystic_Dev,HikeJack_008,HikeJack_008-24,Yes,,,,,,,0.0000,,"DirectShip,InStorePickup",,,,Bellflower-Purple,,,XXL
Mystic_Dev,HikeJack_008,HikeJack_008-23,Yes,,,,,,,0.0000,,"DirectShip,InStorePickup",,,,Bellflower-Purple,,,Extra Large
Mystic_Dev,HikeJack_008,HikeJack_008-22,Yes,,,,,,,0.0000,,"DirectShip,InStorePickup",,,,Bellflower-Purple,,,Large
Mystic_Dev,HikeJack_008,HikeJack_008-21,Yes,,,,,,,0.0000,,"DirectShip,InStorePickup",,,,Bellflower-Purple,,,Medium
Mystic_Dev,HikeJack_008,HikeJack_008-20,Yes,,,,,,,0.0000,,"DirectShip,InStorePickup",,,,Bellflower-Purple,,,Small
Mystic_Dev,HikeJack_008,HikeJack_008-19,Yes,,,,,,,0.0000,,"DirectShip,InStorePickup",,,,Bellflower-Purple,,,XS
Mystic_Dev,HikeJack_008,HikeJack_008-18,Yes,,,,,,,0.0000,,"DirectShip,InStorePickup",,,,Tnf-Black,,,XXL
Mystic_Dev,HikeJack_008,HikeJack_008-17,Yes,,,,,,,0.0000,,"DirectShip,InStorePickup",,,,Tnf-Black,,,Extra Large
Mystic_Dev,HikeJack_008,HikeJack_008-16,Yes,,,,,,,0.0000,,"DirectShip,InStorePickup",,,,Tnf-Black,,,Large
Mystic_Dev,HikeJack_008,HikeJack_008-15,Yes,,,,,,,0.0000,,"DirectShip,InStorePickup",,,,Tnf-Black,,,Medium
Mystic_Dev,HikeJack_008,HikeJack_008-14,Yes,,,,,,,0.0000,,"DirectShip,InStorePickup",,,,Tnf-Black,,,Small
Mystic_Dev,HikeJack_008,HikeJack_008-13,Yes,,,,,,,0.0000,,"DirectShip,InStorePickup",,,,Tnf-Black,,,XS
Mystic_Dev,HikeJack_008,HikeJack_008-12,Yes,,,,,,,0.0000,,"DirectShip,InStorePickup",,,,Amparo-Blue,,,XXL
Mystic_Dev,HikeJack_008,HikeJack_008-11,Yes,,,,,,,0.0000,,"DirectShip,InStorePickup",,,,Amparo-Blue,,,Extra Large
Mystic_Dev,HikeJack_008,HikeJack_008-10,Yes,,,,,,,0.0000,,"DirectShip,InStorePickup",,,,Amparo-Blue,,,Large
Mystic_Dev,HikeJack_008,HikeJack_008-9,Yes,,,,,,,0.0000,,"DirectShip,InStorePickup",,,,Amparo-Blue,,,Medium
Mystic_Dev,HikeJack_008,HikeJack_008-8,Yes,,,,,,,0.0000,,"DirectShip,InStorePickup",,,,Amparo-Blue,,,Small
Mystic_Dev,HikeJack_008,HikeJack_008-7,Yes,,,,,,,0.0000,,"DirectShip,InStorePickup",,,,Amparo-Blue,,,XS
Mystic_Dev,HikeJack_008,HikeJack_008-6,Yes,,,,,,,0.0000,,"DirectShip,InStorePickup",,,,Asphalt-Grey/Tnf-Black,,,XXL
Mystic_Dev,HikeJack_008,HikeJack_008-5,Yes,,,,,,,0.0000,,"DirectShip,InStorePickup",,,,Asphalt-Grey/Tnf-Black,,,Extra Large
Mystic_Dev,HikeJack_008,HikeJack_008-4,Yes,,,,,,,0.0000,,"DirectShip,InStorePickup",,,,Asphalt-Grey/Tnf-Black,,,Large
Mystic_Dev,HikeJack_008,HikeJack_008-3,Yes,,,,,,,0.0000,,"DirectShip,InStorePickup",,,,Asphalt-Grey/Tnf-Black,,,Medium
Mystic_Dev,HikeJack_008,HikeJack_008-2,Yes,,,,,,,0.0000,,"DirectShip,InStorePickup",,,,Asphalt-Grey/Tnf-Black,,,Small
Mystic_Dev,HikeJack_008,HikeJack_008-1,Yes,,,,,,,0.0000,,"DirectShip,InStorePickup",,,,Asphalt-Grey/Tnf-Black,,,XS
Mystic_Dev,HikeJack_007,HikeJack_007-15,Yes,,,,,,,0.0000,,"DirectShip,InStorePickup",,,,Urban-Navy,,,Extra Large
Mystic_Dev,HikeJack_007,HikeJack_007-14,Yes,,,,,,,0.0000,,"DirectShip,InStorePickup",,,,Urban-Navy,,,Large
Mystic_Dev,HikeJack_007,HikeJack_007-13,Yes,,,,,,,0.0000,,"DirectShip,InStorePickup",,,,Urban-Navy,,,Medium
Mystic_Dev,HikeJack_007,HikeJack_007-12,Yes,,,,,,,0.0000,,"DirectShip,InStorePickup",,,,Urban-Navy,,,Small
Mystic_Dev,HikeJack_007,HikeJack_007-11,Yes,,,,,,,0.0000,,"DirectShip,InStorePickup",,,,Urban-Navy,,,XS
Mystic_Dev,HikeJack_007,HikeJack_007-10,Yes,,,,,,,0.0000,,"DirectShip,InStorePickup",,,,Tnf-Medium-Grey-Heather,,,Extra Large
Mystic_Dev,HikeJack_007,HikeJack_007-9,Yes,,,,,,,0.0000,,"DirectShip,InStorePickup",,,,Tnf-Medium-Grey-Heather,,,Large
Mystic_Dev,HikeJack_007,HikeJack_007-8,Yes,,,,,,,0.0000,,"DirectShip,InStorePickup",,,,Tnf-Medium-Grey-Heather,,,Medium
Mystic_Dev,HikeJack_007,HikeJack_007-7,Yes,,,,,,,0.0000,,"DirectShip,InStorePickup",,,,Tnf-Medium-Grey-Heather,,,Small
Mystic_Dev,HikeJack_007,HikeJack_007-6,Yes,,,,,,,0.0000,,"DirectShip,InStorePickup",,,,Tnf-Medium-Grey-Heather,,,XS
Mystic_Dev,HikeJack_007,HikeJack_007-5,Yes,,,,,,,0.0000,,"DirectShip,InStorePickup",,,,Tnf-Black,,,Extra Large
Mystic_Dev,HikeJack_007,HikeJack_007-4,Yes,,,,,,,0.0000,,"DirectShip,InStorePickup",,,,Tnf-Black,,,Large
Mystic_Dev,HikeJack_007,HikeJack_007-3,Yes,,,,,,,0.0000,,"DirectShip,InStorePickup",,,,Tnf-Black,,,Medium
Mystic_Dev,HikeJack_007,HikeJack_007-2,Yes,,,,,,,0.0000,,"DirectShip,InStorePickup",,,,Tnf-Black,,,Small
Mystic_Dev,HikeJack_007,HikeJack_007-1,Yes,,,,,,,0.0000,,"DirectShip,InStorePickup",,,,Tnf-Black,,,XS
Mystic_Dev,HikeJack_006,HikeJack_006-25,Yes,,,,,,,0.0000,,"DirectShip,InStorePickup",,,,Slate-Blue/Moroccan-Blue,,,XXL
Mystic_Dev,HikeJack_006,HikeJack_006-24,Yes,,,,,,,0.0000,,"DirectShip,InStorePickup",,,,Slate-Blue/Moroccan-Blue,,,Extra Large
Mystic_Dev,HikeJack_006,HikeJack_006-23,Yes,,,,,,,0.0000,,"DirectShip,InStorePickup",,,,Slate-Blue/Moroccan-Blue,,,Large
Mystic_Dev,HikeJack_006,HikeJack_006-22,Yes,,,,,,,0.0000,,"DirectShip,InStorePickup",,,,Slate-Blue/Moroccan-Blue,,,Medium
Mystic_Dev,HikeJack_006,HikeJack_006-21,Yes,,,,,,,0.0000,,"DirectShip,InStorePickup",,,,Slate-Blue/Moroccan-Blue,,,Small
Mystic_Dev,HikeJack_006,HikeJack_006-20,Yes,,,,,,,0.0000,,"DirectShip,InStorePickup",,,,Light-Khaki,,,XXL
Mystic_Dev,HikeJack_006,HikeJack_006-19,Yes,,,,,,,0.0000,,"DirectShip,InStorePickup",,,,Light-Khaki,,,Extra Large
Mystic_Dev,HikeJack_006,HikeJack_006-18,Yes,,,,,,,0.0000,,"DirectShip,InStorePickup",,,,Light-Khaki,,,Large
Mystic_Dev,HikeJack_006,HikeJack_006-17,Yes,,,,,,,0.0000,,"DirectShip,InStorePickup",,,,Light-Khaki,,,Medium
Mystic_Dev,HikeJack_006,HikeJack_006-16,Yes,,,,,,,0.0000,,"DirectShip,InStorePickup",,,,Light-Khaki,,,Small
Mystic_Dev,HikeJack_006,HikeJack_006-15,Yes,,,,,,,0.0000,,"DirectShip,InStorePickup",,,,Deep-Olive,,,XXL
Mystic_Dev,HikeJack_006,HikeJack_006-14,Yes,,,,,,,0.0000,,"DirectShip,InStorePickup",,,,Deep-Olive,,,Extra Large
Mystic_Dev,HikeJack_006,HikeJack_006-13,Yes,,,,,,,0.0000,,"DirectShip,InStorePickup",,,,Deep-Olive,,,Large
Mystic_Dev,HikeJack_006,HikeJack_006-12,Yes,,,,,,,0.0000,,"DirectShip,InStorePickup",,,,Deep-Olive,,,Medium
Mystic_Dev,HikeJack_006,HikeJack_006-11,Yes,,,,,,,0.0000,,"DirectShip,InStorePickup",,,,Deep-Olive,,,Small
Mystic_Dev,HikeJack_006,HikeJack_006-10,Yes,,,,,,,0.0000,,"DirectShip,InStorePickup",,,,Ceylon-Blue/Dark-Sapphire,,,XXL
Mystic_Dev,HikeJack_006,HikeJack_006-9,Yes,,,,,,,0.0000,,"DirectShip,InStorePickup",,,,Ceylon-Blue/Dark-Sapphire,,,Extra Large
Mystic_Dev,HikeJack_006,HikeJack_006-8,Yes,,,,,,,0.0000,,"DirectShip,InStorePickup",,,,Ceylon-Blue/Dark-Sapphire,,,Large
Mystic_Dev,HikeJack_006,HikeJack_006-7,Yes,,,,,,,0.0000,,"DirectShip,InStorePickup",,,,Ceylon-Blue/Dark-Sapphire,,,Medium
Mystic_Dev,HikeJack_006,HikeJack_006-6,Yes,,,,,,,0.0000,,"DirectShip,InStorePickup",,,,Ceylon-Blue/Dark-Sapphire,,,Small
Mystic_Dev,HikeJack_006,HikeJack_006-5,Yes,,,,,,,0.0000,,"DirectShip,InStorePickup",,,,Alpine-Green,,,XXL
Mystic_Dev,HikeJack_006,HikeJack_006-4,Yes,,,,,,,0.0000,,"DirectShip,InStorePickup",,,,Alpine-Green,,,Extra Large
Mystic_Dev,HikeJack_006,HikeJack_006-3,Yes,,,,,,,0.0000,,"DirectShip,InStorePickup",,,,Alpine-Green,,,Large
Mystic_Dev,HikeJack_006,HikeJack_006-2,Yes,,,,,,,0.0000,,"DirectShip,InStorePickup",,,,Alpine-Green,,,Medium
Mystic_Dev,HikeJack_006,HikeJack_006-1,Yes,,,,,,,0.0000,,"DirectShip,InStorePickup",,,,Alpine-Green,,,Small
Mystic_Dev,HikeJack_005,HikeJack_005-20,Yes,,,,,,,0.0000,,"DirectShip,InStorePickup",,,,Zinnia-Orange/Black,,,XXL
Mystic_Dev,HikeJack_005,HikeJack_005-19,Yes,,,,,,,0.0000,,"DirectShip,InStorePickup",,,,Zinnia-Orange/Black,,,Extra Large
Mystic_Dev,HikeJack_005,HikeJack_005-18,Yes,,,,,,,0.0000,,"DirectShip,InStorePickup",,,,Zinnia-Orange/Black,,,Large
Mystic_Dev,HikeJack_005,HikeJack_005-17,Yes,,,,,,,0.0000,,"DirectShip,InStorePickup",,,,Zinnia-Orange/Black,,,Medium
Mystic_Dev,HikeJack_005,HikeJack_005-16,Yes,,,,,,,0.0000,,"DirectShip,InStorePickup",,,,Zinnia-Orange/Black,,,Small
Mystic_Dev,HikeJack_005,HikeJack_005-15,Yes,,,,,,,0.0000,,"DirectShip,InStorePickup",,,,Mid-Grey,,,XXL
Mystic_Dev,HikeJack_005,HikeJack_005-14,Yes,,,,,,,0.0000,,"DirectShip,InStorePickup",,,,Mid-Grey,,,Extra Large
Mystic_Dev,HikeJack_005,HikeJack_005-13,Yes,,,,,,,0.0000,,"DirectShip,InStorePickup",,,,Mid-Grey,,,Large
Mystic_Dev,HikeJack_005,HikeJack_005-12,Yes,,,,,,,0.0000,,"DirectShip,InStorePickup",,,,Mid-Grey,,,Medium
Mystic_Dev,HikeJack_005,HikeJack_005-11,Yes,,,,,,,0.0000,,"DirectShip,InStorePickup",,,,Mid-Grey,,,Small
Mystic_Dev,HikeJack_005,HikeJack_005-10,Yes,,,,,,,0.0000,,"DirectShip,InStorePickup",,,,Cardinal-Red,,,XXL
Mystic_Dev,HikeJack_005,HikeJack_005-9,Yes,,,,,,,0.0000,,"DirectShip,InStorePickup",,,,Cardinal-Red,,,Extra Large
Mystic_Dev,HikeJack_005,HikeJack_005-8,Yes,,,,,,,0.0000,,"DirectShip,InStorePickup",,,,Cardinal-Red,,,Large
Mystic_Dev,HikeJack_005,HikeJack_005-7,Yes,,,,,,,0.0000,,"DirectShip,InStorePickup",,,,Cardinal-Red,,,Medium
Mystic_Dev,HikeJack_005,HikeJack_005-6,Yes,,,,,,,0.0000,,"DirectShip,InStorePickup",,,,Cardinal-Red,,,Small
Mystic_Dev,HikeJack_005,HikeJack_005-5,Yes,,,,,,,0.0000,,"DirectShip,InStorePickup",,,,Tnf-Black,,,XXL
Mystic_Dev,HikeJack_005,HikeJack_005-4,Yes,,,,,,,0.0000,,"DirectShip,InStorePickup",,,,Tnf-Black,,,Extra Large
Mystic_Dev,HikeJack_005,HikeJack_005-3,Yes,,,,,,,0.0000,,"DirectShip,InStorePickup",,,,Tnf-Black,,,Large
Mystic_Dev,HikeJack_005,HikeJack_005-2,Yes,,,,,,,0.0000,,"DirectShip,InStorePickup",,,,Tnf-Black,,,Medium
Mystic_Dev,HikeJack_005,HikeJack_005-1,Yes,,,,,,,0.0000,,"DirectShip,InStorePickup",,,,Tnf-Black,,,Small
Mystic_Dev,HikeJack_004,HikeJack_004-5,Yes,,,,,,,0.0000,,"DirectShip,InStorePickup",,,,Dune-Beige-Heather,,,XXL
Mystic_Dev,HikeJack_004,HikeJack_004-4,Yes,,,,,,,0.0000,,"DirectShip,InStorePickup",,,,Dune-Beige-Heather,,,Extra Large
Mystic_Dev,HikeJack_004,HikeJack_004-3,Yes,,,,,,,0.0000,,"DirectShip,InStorePickup",,,,Dune-Beige-Heather,,,Large
Mystic_Dev,HikeJack_004,HikeJack_004-2,Yes,,,,,,,0.0000,,"DirectShip,InStorePickup",,,,Dune-Beige-Heather,,,Medium
Mystic_Dev,HikeJack_004,HikeJack_004-1,Yes,,,,,,,0.0000,,"DirectShip,InStorePickup",,,,Dune-Beige-Heather,,,Small
Mystic_Dev,HikeJack_003,HikeJack_003-15,Yes,,,,,,,0.0000,,"DirectShip,InStorePickup",,,,State-Orange,,,XXL
Mystic_Dev,HikeJack_003,HikeJack_003-14,Yes,,,,,,,0.0000,,"DirectShip,InStorePickup",,,,State-Orange,,,Extra Large
Mystic_Dev,HikeJack_003,HikeJack_003-13,Yes,,,,,,,0.0000,,"DirectShip,InStorePickup",,,,State-Orange,,,Large
Mystic_Dev,HikeJack_003,HikeJack_003-12,Yes,,,,,,,0.0000,,"DirectShip,InStorePickup",,,,State-Orange,,,Medium
Mystic_Dev,HikeJack_003,HikeJack_003-11,Yes,,,,,,,0.0000,,"DirectShip,InStorePickup",,,,State-Orange,,,Small
Mystic_Dev,HikeJack_003,HikeJack_003-10,Yes,,,,,,,0.0000,,"DirectShip,InStorePickup",,,,Shark/Titanium,,,XXL
Mystic_Dev,HikeJack_003,HikeJack_003-9,Yes,,,,,,,0.0000,,"DirectShip,InStorePickup",,,,Shark/Titanium,,,Extra Large
Mystic_Dev,HikeJack_003,HikeJack_003-8,Yes,,,,,,,0.0000,,"DirectShip,InStorePickup",,,,Shark/Titanium,,,Large
Mystic_Dev,HikeJack_003,HikeJack_003-7,Yes,,,,,,,0.0000,,"DirectShip,InStorePickup",,,,Shark/Titanium,,,Medium
Mystic_Dev,HikeJack_003,HikeJack_003-6,Yes,,,,,,,0.0000,,"DirectShip,InStorePickup",,,,Shark/Titanium,,,Small
Mystic_Dev,HikeJack_003,HikeJack_003-5,Yes,,,,,,,0.0000,,"DirectShip,InStorePickup",,,,Manta-Grey,,,XXL
Mystic_Dev,HikeJack_003,HikeJack_003-4,Yes,,,,,,,0.0000,,"DirectShip,InStorePickup",,,,Manta-Grey,,,Extra Large
Mystic_Dev,HikeJack_003,HikeJack_003-3,Yes,,,,,,,0.0000,,"DirectShip,InStorePickup",,,,Manta-Grey,,,Large
Mystic_Dev,HikeJack_003,HikeJack_003-2,Yes,,,,,,,0.0000,,"DirectShip,InStorePickup",,,,Manta-Grey,,,Medium
Mystic_Dev,HikeJack_003,HikeJack_003-1,Yes,,,,,,,0.0000,,"DirectShip,InStorePickup",,,,Manta-Grey,,,Small
Mystic_Dev,HKFT_028,HKFT_028-4,Yes,,,,,,,0.0000,,"DirectShip,InStorePickup",,,,,9,,
Mystic_Dev,HKFT_028,HKFT_028-3,Yes,,,,,,,0.0000,,"DirectShip,InStorePickup",,,,,7.5,,
Mystic_Dev,HKFT_028,HKFT_028-2,Yes,,,,,,,0.0000,,"DirectShip,InStorePickup",,,,,6.5,,
Mystic_Dev,HKFT_028,HKFT_028-1,Yes,,,,,,,0.0000,,"DirectShip,InStorePickup",,,,,6,,
Mystic_Dev,HKFT_027,HKFT_027-14,Yes,,,,,,,0.0000,,"DirectShip,InStorePickup",,,,Silver/Gray,10.5,,
Mystic_Dev,HKFT_027,HKFT_027-13,Yes,,,,,,,0.0000,,"DirectShip,InStorePickup",,,,Silver/Gray,10,,
Mystic_Dev,HKFT_027,HKFT_027-12,Yes,,,,,,,0.0000,,"DirectShip,InStorePickup",,,,Silver/Gray,9.5,,
Mystic_Dev,HKFT_027,HKFT_027-11,Yes,,,,,,,0.0000,,"DirectShip,InStorePickup",,,,Silver/Gray,8,,
Mystic_Dev,HKFT_027,HKFT_027-10,Yes,,,,,,,0.0000,,"DirectShip,InStorePickup",,,,Silver/Gray,7.5,,
Mystic_Dev,HKFT_027,HKFT_027-9,Yes,,,,,,,0.0000,,"DirectShip,InStorePickup",,,,Silver/Gray,7,,
Mystic_Dev,HKFT_027,HKFT_027-8,Yes,,,,,,,0.0000,,"DirectShip,InStorePickup",,,,Silver/Gray,6,,
Mystic_Dev,HKFT_027,HKFT_027-7,Yes,,,,,,,0.0000,,"DirectShip,InStorePickup",,,,Dark-Sand/Cendre,10.5,,
Mystic_Dev,HKFT_027,HKFT_027-6,Yes,,,,,,,0.0000,,"DirectShip,InStorePickup",,,,Dark-Sand/Cendre,10,,
Mystic_Dev,HKFT_027,HKFT_027-5,Yes,,,,,,,0.0000,,"DirectShip,InStorePickup",,,,Dark-Sand/Cendre,9.5,,
Mystic_Dev,HKFT_027,HKFT_027-4,Yes,,,,,,,0.0000,,"DirectShip,InStorePickup",,,,Dark-Sand/Cendre,8,,
Mystic_Dev,HKFT_027,HKFT_027-3,Yes,,,,,,,0.0000,,"DirectShip,InStorePickup",,,,Dark-Sand/Cendre,7.5,,
Mystic_Dev,HKFT_027,HKFT_027-2,Yes,,,,,,,0.0000,,"DirectShip,InStorePickup",,,,Dark-Sand/Cendre,7,,
Mystic_Dev,HKFT_027,HKFT_027-1,Yes,,,,,,,0.0000,,"DirectShip,InStorePickup",,,,Dark-Sand/Cendre,6,,
Mystic_Dev,HKFT_026,HKFT_026-8,Yes,,,,,,,0.0000,,"DirectShip,InStorePickup",,,,Silver-Birch/Canteen,9,,
Mystic_Dev,HKFT_026,HKFT_026-7,Yes,,,,,,,0.0000,,"DirectShip,InStorePickup",,,,Silver-Birch/Canteen,6.5,,
Mystic_Dev,HKFT_026,HKFT_026-6,Yes,,,,,,,0.0000,,"DirectShip,InStorePickup",,,,Silver-Birch/Canteen,6,,
Mystic_Dev,HKFT_026,HKFT_026-5,Yes,,,,,,,0.0000,,"DirectShip,InStorePickup",,,,Silver-Birch/Canteen,5,,
Mystic_Dev,HKFT_026,HKFT_026-4,Yes,,,,,,,0.0000,,"DirectShip,InStorePickup",,,,Dark-Purple/Purple-Sage,9,,
Mystic_Dev,HKFT_026,HKFT_026-3,Yes,,,,,,,0.0000,,"DirectShip,InStorePickup",,,,Dark-Purple/Purple-Sage,6.5,,
Mystic_Dev,HKFT_026,HKFT_026-2,Yes,,,,,,,0.0000,,"DirectShip,InStorePickup",,,,Dark-Purple/Purple-Sage,6,,
Mystic_Dev,HKFT_026,HKFT_026-1,Yes,,,,,,,0.0000,,"DirectShip,InStorePickup",,,,Dark-Purple/Purple-Sage,5,,
Mystic_Dev,HKFT_025,HKFT_025-20,Yes,,,,,,,0.0000,,"DirectShip,InStorePickup",,,,Slate-Brown/Red-Mahogany,11,,
Mystic_Dev,HKFT_025,HKFT_025-19,Yes,,,,,,,0.0000,,"DirectShip,InStorePickup",,,,Slate-Brown/Red-Mahogany,10,,
Mystic_Dev,HKFT_025,HKFT_025-18,Yes,,,,,,,0.0000,,"DirectShip,InStorePickup",,,,Slate-Brown/Red-Mahogany,9.5,,
Mystic_Dev,HKFT_025,HKFT_025-17,Yes,,,,,,,0.0000,,"DirectShip,InStorePickup",,,,Slate-Brown/Red-Mahogany,9,,
Mystic_Dev,HKFT_025,HKFT_025-16,Yes,,,,,,,0.0000,,"DirectShip,InStorePickup",,,,Slate-Brown/Red-Mahogany,8.5,,
Mystic_Dev,HKFT_025,HKFT_025-15,Yes,,,,,,,0.0000,,"DirectShip,InStorePickup",,,,Slate-Brown/Red-Mahogany,8,,
Mystic_Dev,HKFT_025,HKFT_025-14,Yes,,,,,,,0.0000,,"DirectShip,InStorePickup",,,,Slate-Brown/Red-Mahogany,7.5,,
Mystic_Dev,HKFT_025,HKFT_025-13,Yes,,,,,,,0.0000,,"DirectShip,InStorePickup",,,,Slate-Brown/Red-Mahogany,7,,
Mystic_Dev,HKFT_025,HKFT_025-12,Yes,,,,,,,0.0000,,"DirectShip,InStorePickup",,,,Slate-Brown/Red-Mahogany,6.5,,
Mystic_Dev,HKFT_025,HKFT_025-11,Yes,,,,,,,0.0000,,"DirectShip,InStorePickup",,,,Slate-Brown/Red-Mahogany,6,,
Mystic_Dev,HKFT_025,HKFT_025-10,Yes,,,,,,,0.0000,,"DirectShip,InStorePickup",,,,Castlerock/Tender-Shoots,11,,
Mystic_Dev,HKFT_025,HKFT_025-9,Yes,,,,,,,0.0000,,"DirectShip,InStorePickup",,,,Castlerock/Tender-Shoots,10,,
Mystic_Dev,HKFT_025,HKFT_025-8,Yes,,,,,,,0.0000,,"DirectShip,InStorePickup",,,,Castlerock/Tender-Shoots,9.5,,
Mystic_Dev,HKFT_025,HKFT_025-7,Yes,,,,,,,0.0000,,"DirectShip,InStorePickup",,,,Castlerock/Tender-Shoots,9,,
Mystic_Dev,HKFT_025,HKFT_025-6,Yes,,,,,,,0.0000,,"DirectShip,InStorePickup",,,,Castlerock/Tender-Shoots,8.5,,
Mystic_Dev,HKFT_025,HKFT_025-5,Yes,,,,,,,0.0000,,"DirectShip,InStorePickup",,,,Castlerock/Tender-Shoots,8,,
Mystic_Dev,HKFT_025,HKFT_025-4,Yes,,,,,,,0.0000,,"DirectShip,InStorePickup",,,,Castlerock/Tender-Shoots,7.5,,
Mystic_Dev,HKFT_025,HKFT_025-3,Yes,,,,,,,0.0000,,"DirectShip,InStorePickup",,,,Castlerock/Tender-Shoots,7,,
Mystic_Dev,HKFT_025,HKFT_025-2,Yes,,,,,,,0.0000,,"DirectShip,InStorePickup",,,,Castlerock/Tender-Shoots,6.5,,
Mystic_Dev,HKFT_025,HKFT_025-1,Yes,,,,,,,0.0000,,"DirectShip,InStorePickup",,,,Castlerock/Tender-Shoots,6,,
Mystic_Dev,HKFT_024,HKFT_024-6,Yes,,,,,,,0.0000,,"DirectShip,InStorePickup",,,,,9,,
Mystic_Dev,HKFT_024,HKFT_024-5,Yes,,,,,,,0.0000,,"DirectShip,InStorePickup",,,,,8.5,,
Mystic_Dev,HKFT_024,HKFT_024-4,Yes,,,,,,,0.0000,,"DirectShip,InStorePickup",,,,,7.5,,
Mystic_Dev,HKFT_024,HKFT_024-3,Yes,,,,,,,0.0000,,"DirectShip,InStorePickup",,,,,7,,
Mystic_Dev,HKFT_024,HKFT_024-2,Yes,,,,,,,0.0000,,"DirectShip,InStorePickup",,,,,6.5,,
Mystic_Dev,HKFT_024,HKFT_024-1,Yes,,,,,,,0.0000,,"DirectShip,InStorePickup",,,,,6,,
Mystic_Dev,HKFT_023,HKFT_023-12,Yes,,,,,,,0.0000,,"DirectShip,InStorePickup",,,,Royal-Lilac/Adventurine,10,,
Mystic_Dev,HKFT_023,HKFT_023-11,Yes,,,,,,,0.0000,,"DirectShip,InStorePickup",,,,Royal-Lilac/Adventurine,8,,
Mystic_Dev,HKFT_023,HKFT_023-10,Yes,,,,,,,0.0000,,"DirectShip,InStorePickup",,,,Royal-Lilac/Adventurine,7.5,,
Mystic_Dev,HKFT_023,HKFT_023-9,Yes,,,,,,,0.0000,,"DirectShip,InStorePickup",,,,Royal-Lilac/Adventurine,7,,
Mystic_Dev,HKFT_023,HKFT_023-8,Yes,,,,,,,0.0000,,"DirectShip,InStorePickup",,,,Royal-Lilac/Adventurine,6.5,,
Mystic_Dev,HKFT_023,HKFT_023-7,Yes,,,,,,,0.0000,,"DirectShip,InStorePickup",,,,Royal-Lilac/Adventurine,6,,
Mystic_Dev,HKFT_023,HKFT_023-6,Yes,,,,,,,0.0000,,"DirectShip,InStorePickup",,,,Gray/Wild-Dove,10,,
Mystic_Dev,HKFT_023,HKFT_023-5,Yes,,,,,,,0.0000,,"DirectShip,InStorePickup",,,,Gray/Wild-Dove,8,,
Mystic_Dev,HKFT_023,HKFT_023-4,Yes,,,,,,,0.0000,,"DirectShip,InStorePickup",,,,Gray/Wild-Dove,7.5,,
Mystic_Dev,HKFT_023,HKFT_023-3,Yes,,,,,,,0.0000,,"DirectShip,InStorePickup",,,,Gray/Wild-Dove,7,,
Mystic_Dev,HKFT_023,HKFT_023-2,Yes,,,,,,,0.0000,,"DirectShip,InStorePickup",,,,Gray/Wild-Dove,6.5,,
Mystic_Dev,HKFT_023,HKFT_023-1,Yes,,,,,,,0.0000,,"DirectShip,InStorePickup",,,,Gray/Wild-Dove,6,,
Mystic_Dev,HKFT_022,HKFT_022-10,Yes,,,,,,,0.0000,,"DirectShip,InStorePickup",,,,,11,,
Mystic_Dev,HKFT_022,HKFT_022-9,Yes,,,,,,,0.0000,,"DirectShip,InStorePickup",,,,,10.5,,
Mystic_Dev,HKFT_022,HKFT_022-8,Yes,,,,,,,0.0000,,"DirectShip,InStorePickup",,,,,10,,
Mystic_Dev,HKFT_022,HKFT_022-7,Yes,,,,,,,0.0000,,"DirectShip,InStorePickup",,,,,9.5,,
Mystic_Dev,HKFT_022,HKFT_022-6,Yes,,,,,,,0.0000,,"DirectShip,InStorePickup",,,,,9,,
Mystic_Dev,HKFT_022,HKFT_022-5,Yes,,,,,,,0.0000,,"DirectShip,InStorePickup",,,,,8.5,,
Mystic_Dev,HKFT_022,HKFT_022-4,Yes,,,,,,,0.0000,,"DirectShip,InStorePickup",,,,,8,,
Mystic_Dev,HKFT_022,HKFT_022-3,Yes,,,,,,,0.0000,,"DirectShip,InStorePickup",,,,,7.5,,
Mystic_Dev,HKFT_022,HKFT_022-2,Yes,,,,,,,0.0000,,"DirectShip,InStorePickup",,,,,7,,
Mystic_Dev,HKFT_022,HKFT_022-1,Yes,,,,,,,0.0000,,"DirectShip,InStorePickup",,,,,6.5,,
Mystic_Dev,HKFT_021,HKFT_021-10,Yes,,,,,,,0.0000,,"DirectShip,InStorePickup",,,,,11,,
Mystic_Dev,HKFT_021,HKFT_021-9,Yes,,,,,,,0.0000,,"DirectShip,InStorePickup",,,,,10,,
Mystic_Dev,HKFT_021,HKFT_021-8,Yes,,,,,,,0.0000,,"DirectShip,InStorePickup",,,,,9.5,,
Mystic_Dev,HKFT_021,HKFT_021-7,Yes,,,,,,,0.0000,,"DirectShip,InStorePickup",,,,,9,,
Mystic_Dev,HKFT_021,HKFT_021-6,Yes,,,,,,,0.0000,,"DirectShip,InStorePickup",,,,,8.5,,
Mystic_Dev,HKFT_021,HKFT_021-5,Yes,,,,,,,0.0000,,"DirectShip,InStorePickup",,,,,8,,
Mystic_Dev,HKFT_021,HKFT_021-4,Yes,,,,,,,0.0000,,"DirectShip,InStorePickup",,,,,7.5,,
Mystic_Dev,HKFT_021,HKFT_021-3,Yes,,,,,,,0.0000,,"DirectShip,InStorePickup",,,,,7,,
Mystic_Dev,HKFT_021,HKFT_021-2,Yes,,,,,,,0.0000,,"DirectShip,InStorePickup",,,,,6.5,,
Mystic_Dev,HKFT_021,HKFT_021-1,Yes,,,,,,,0.0000,,"DirectShip,InStorePickup",,,,,6,,
Mystic_Dev,HKFT_020,HKFT_020-11,Yes,,,,,,,0.0000,,"DirectShip,InStorePickup",,,,,11,,
Mystic_Dev,HKFT_020,HKFT_020-10,Yes,,,,,,,0.0000,,"DirectShip,InStorePickup",,,,,10.5,,
Mystic_Dev,HKFT_020,HKFT_020-9,Yes,,,,,,,0.0000,,"DirectShip,InStorePickup",,,,,10,,
Mystic_Dev,HKFT_020,HKFT_020-8,Yes,,,,,,,0.0000,,"DirectShip,InStorePickup",,,,,9.5,,
Mystic_Dev,HKFT_020,HKFT_020-7,Yes,,,,,,,0.0000,,"DirectShip,InStorePickup",,,,,9,,
Mystic_Dev,HKFT_020,HKFT_020-6,Yes,,,,,,,0.0000,,"DirectShip,InStorePickup",,,,,8.5,,
Mystic_Dev,HKFT_020,HKFT_020-5,Yes,,,,,,,0.0000,,"DirectShip,InStorePickup",,,,,8,,
Mystic_Dev,HKFT_020,HKFT_020-4,Yes,,,,,,,0.0000,,"DirectShip,InStorePickup",,,,,7.5,,
Mystic_Dev,HKFT_020,HKFT_020-3,Yes,,,,,,,0.0000,,"DirectShip,InStorePickup",,,,,7,,
Mystic_Dev,HKFT_020,HKFT_020-2,Yes,,,,,,,0.0000,,"DirectShip,InStorePickup",,,,,6.5,,
Mystic_Dev,HKFT_020,HKFT_020-1,Yes,,,,,,,0.0000,,"DirectShip,InStorePickup",,,,,6,,
Mystic_Dev,HKFT_019,HKFT_019-26,Yes,,,,,,,0.0000,,"DirectShip,InStorePickup",,,,Silver-Birch/Canteen,11,,
Mystic_Dev,HKFT_019,HKFT_019-25,Yes,,,,,,,0.0000,,"DirectShip,InStorePickup",,,,Silver-Birch/Canteen,10.5,,
Mystic_Dev,HKFT_019,HKFT_019-24,Yes,,,,,,,0.0000,,"DirectShip,InStorePickup",,,,Silver-Birch/Canteen,10,,
Mystic_Dev,HKFT_019,HKFT_019-23,Yes,,,,,,,0.0000,,"DirectShip,InStorePickup",,,,Silver-Birch/Canteen,9.5,,
Mystic_Dev,HKFT_019,HKFT_019-22,Yes,,,,,,,0.0000,,"DirectShip,InStorePickup",,,,Silver-Birch/Canteen,9,,
Mystic_Dev,HKFT_019,HKFT_019-21,Yes,,,,,,,0.0000,,"DirectShip,InStorePickup",,,,Silver-Birch/Canteen,8.5,,
Mystic_Dev,HKFT_019,HKFT_019-20,Yes,,,,,,,0.0000,,"DirectShip,InStorePickup",,,,Silver-Birch/Canteen,8,,
Mystic_Dev,HKFT_019,HKFT_019-19,Yes,,,,,,,0.0000,,"DirectShip,InStorePickup",,,,Silver-Birch/Canteen,7.5,,
Mystic_Dev,HKFT_019,HKFT_019-18,Yes,,,,,,,0.0000,,"DirectShip,InStorePickup",,,,Silver-Birch/Canteen,7,,
Mystic_Dev,HKFT_019,HKFT_019-17,Yes,,,,,,,0.0000,,"DirectShip,InStorePickup",,,,Silver-Birch/Canteen,6.5,,
Mystic_Dev,HKFT_019,HKFT_019-16,Yes,,,,,,,0.0000,,"DirectShip,InStorePickup",,,,Silver-Birch/Canteen,6,,
Mystic_Dev,HKFT_019,HKFT_019-15,Yes,,,,,,,0.0000,,"DirectShip,InStorePickup",,,,Silver-Birch/Canteen,5.5,,
Mystic_Dev,HKFT_019,HKFT_019-14,Yes,,,,,,,0.0000,,"DirectShip,InStorePickup",,,,Silver-Birch/Canteen,5,,
Mystic_Dev,HKFT_019,HKFT_019-13,Yes,,,,,,,0.0000,,"DirectShip,InStorePickup",,,,Radiance/Goat,11,,
Mystic_Dev,HKFT_019,HKFT_019-12,Yes,,,,,,,0.0000,,"DirectShip,InStorePickup",,,,Radiance/Goat,10.5,,
Mystic_Dev,HKFT_019,HKFT_019-11,Yes,,,,,,,0.0000,,"DirectShip,InStorePickup",,,,Radiance/Goat,10,,
Mystic_Dev,HKFT_019,HKFT_019-10,Yes,,,,,,,0.0000,,"DirectShip,InStorePickup",,,,Radiance/Goat,9.5,,
Mystic_Dev,HKFT_019,HKFT_019-9,Yes,,,,,,,0.0000,,"DirectShip,InStorePickup",,,,Radiance/Goat,9,,
Mystic_Dev,HKFT_019,HKFT_019-8,Yes,,,,,,,0.0000,,"DirectShip,InStorePickup",,,,Radiance/Goat,8.5,,
Mystic_Dev,HKFT_019,HKFT_019-7,Yes,,,,,,,0.0000,,"DirectShip,InStorePickup",,,,Radiance/Goat,8,,
Mystic_Dev,HKFT_019,HKFT_019-6,Yes,,,,,,,0.0000,,"DirectShip,InStorePickup",,,,Radiance/Goat,7.5,,
Mystic_Dev,HKFT_019,HKFT_019-5,Yes,,,,,,,0.0000,,"DirectShip,InStorePickup",,,,Radiance/Goat,7,,
Mystic_Dev,HKFT_019,HKFT_019-4,Yes,,,,,,,0.0000,,"DirectShip,InStorePickup",,,,Radiance/Goat,6.5,,
Mystic_Dev,HKFT_019,HKFT_019-3,Yes,,,,,,,0.0000,,"DirectShip,InStorePickup",,,,Radiance/Goat,6,,
Mystic_Dev,HKFT_019,HKFT_019-2,Yes,,,,,,,0.0000,,"DirectShip,InStorePickup",,,,Radiance/Goat,5.5,,
Mystic_Dev,HKFT_019,HKFT_019-1,Yes,,,,,,,0.0000,,"DirectShip,InStorePickup",,,,Radiance/Goat,5,,
Mystic_Dev,HKFT_018,HKFT_018-3,Yes,,,,,,,0.0000,,"DirectShip,InStorePickup",,,,,8,,
Mystic_Dev,HKFT_018,HKFT_018-2,Yes,,,,,,,0.0000,,"DirectShip,InStorePickup",,,,,7.5,,
Mystic_Dev,HKFT_018,HKFT_018-1,Yes,,,,,,,0.0000,,"DirectShip,InStorePickup",,,,,7,,
Mystic_Dev,HKFT_017,HKFT_017-4,Yes,,,,,,,0.0000,,"DirectShip,InStorePickup",,,,,8.5,,
Mystic_Dev,HKFT_017,HKFT_017-3,Yes,,,,,,,0.0000,,"DirectShip,InStorePickup",,,,,8,,
Mystic_Dev,HKFT_017,HKFT_017-2,Yes,,,,,,,0.0000,,"DirectShip,InStorePickup",,,,,7.5,,
Mystic_Dev,HKFT_017,HKFT_017-1,Yes,,,,,,,0.0000,,"DirectShip,InStorePickup",,,,,7,,
Mystic_Dev,HKFT_016,HKFT_016-13,Yes,,,,,,,0.0000,,"DirectShip,InStorePickup",,,,,13,,
Mystic_Dev,HKFT_016,HKFT_016-12,Yes,,,,,,,0.0000,,"DirectShip,InStorePickup",,,,,12.5,,
Mystic_Dev,HKFT_016,HKFT_016-11,Yes,,,,,,,0.0000,,"DirectShip,InStorePickup",,,,,12,,
Mystic_Dev,HKFT_016,HKFT_016-10,Yes,,,,,,,0.0000,,"DirectShip,InStorePickup",,,,,11.5,,
Mystic_Dev,HKFT_016,HKFT_016-9,Yes,,,,,,,0.0000,,"DirectShip,InStorePickup",,,,,11,,
Mystic_Dev,HKFT_016,HKFT_016-8,Yes,,,,,,,0.0000,,"DirectShip,InStorePickup",,,,,10.5,,
Mystic_Dev,HKFT_016,HKFT_016-7,Yes,,,,,,,0.0000,,"DirectShip,InStorePickup",,,,,10,,
Mystic_Dev,HKFT_016,HKFT_016-6,Yes,,,,,,,0.0000,,"DirectShip,InStorePickup",,,,,9.5,,
Mystic_Dev,HKFT_016,HKFT_016-5,Yes,,,,,,,0.0000,,"DirectShip,InStorePickup",,,,,9,,
Mystic_Dev,HKFT_016,HKFT_016-4,Yes,,,,,,,0.0000,,"DirectShip,InStorePickup",,,,,8.5,,
Mystic_Dev,HKFT_016,HKFT_016-3,Yes,,,,,,,0.0000,,"DirectShip,InStorePickup",,,,,8,,
Mystic_Dev,HKFT_016,HKFT_016-2,Yes,,,,,,,0.0000,,"DirectShip,InStorePickup",,,,,7.5,,
Mystic_Dev,HKFT_016,HKFT_016-1,Yes,,,,,,,0.0000,,"DirectShip,InStorePickup",,,,,7,,
Mystic_Dev,HKFT_015,HKFT_015-22,Yes,,,,,,,0.0000,,"DirectShip,InStorePickup",,,,Tnf-Black/Tnf-White,13,,
Mystic_Dev,HKFT_015,HKFT_015-21,Yes,,,,,,,0.0000,,"DirectShip,InStorePickup",,,,Tnf-Black/Tnf-White,12,,
Mystic_Dev,HKFT_015,HKFT_015-20,Yes,,,,,,,0.0000,,"DirectShip,InStorePickup",,,,Tnf-Black/Tnf-White,11.5,,
Mystic_Dev,HKFT_015,HKFT_015-19,Yes,,,,,,,0.0000,,"DirectShip,InStorePickup",,,,Tnf-Black/Tnf-White,11,,
Mystic_Dev,HKFT_015,HKFT_015-18,Yes,,,,,,,0.0000,,"DirectShip,InStorePickup",,,,Tnf-Black/Tnf-White,10.5,,
Mystic_Dev,HKFT_015,HKFT_015-17,Yes,,,,,,,0.0000,,"DirectShip,InStorePickup",,,,Tnf-Black/Tnf-White,10,,
Mystic_Dev,HKFT_015,HKFT_015-16,Yes,,,,,,,0.0000,,"DirectShip,InStorePickup",,,,Tnf-Black/Tnf-White,9.5,,
Mystic_Dev,HKFT_015,HKFT_015-15,Yes,,,,,,,0.0000,,"DirectShip,InStorePickup",,,,Tnf-Black/Tnf-White,9,,
Mystic_Dev,HKFT_015,HKFT_015-14,Yes,,,,,,,0.0000,,"DirectShip,InStorePickup",,,,Tnf-Black/Tnf-White,8.5,,
Mystic_Dev,HKFT_015,HKFT_015-13,Yes,,,,,,,0.0000,,"DirectShip,InStorePickup",,,,Tnf-Black/Tnf-White,8,,
Mystic_Dev,HKFT_015,HKFT_015-12,Yes,,,,,,,0.0000,,"DirectShip,InStorePickup",,,,Tnf-Black/Tnf-White,7.5,,
Mystic_Dev,HKFT_015,HKFT_015-11,Yes,,,,,,,0.0000,,"DirectShip,InStorePickup",,,,Dark-Shadow-Grey/Green,13,,
Mystic_Dev,HKFT_015,HKFT_015-10,Yes,,,,,,,0.0000,,"DirectShip,InStorePickup",,,,Dark-Shadow-Grey/Green,12,,
Mystic_Dev,HKFT_015,HKFT_015-9,Yes,,,,,,,0.0000,,"DirectShip,InStorePickup",,,,Dark-Shadow-Grey/Green,11.5,,
Mystic_Dev,HKFT_015,HKFT_015-8,Yes,,,,,,,0.0000,,"DirectShip,InStorePickup",,,,Dark-Shadow-Grey/Green,11,,
Mystic_Dev,HKFT_015,HKFT_015-7,Yes,,,,,,,0.0000,,"DirectShip,InStorePickup",,,,Dark-Shadow-Grey/Green,10.5,,
Mystic_Dev,HKFT_015,HKFT_015-6,Yes,,,,,,,0.0000,,"DirectShip,InStorePickup",,,,Dark-Shadow-Grey/Green,10,,
Mystic_Dev,HKFT_015,HKFT_015-5,Yes,,,,,,,0.0000,,"DirectShip,InStorePickup",,,,Dark-Shadow-Grey/Green,9.5,,
Mystic_Dev,HKFT_015,HKFT_015-4,Yes,,,,,,,0.0000,,"DirectShip,InStorePickup",,,,Dark-Shadow-Grey/Green,9,,
Mystic_Dev,HKFT_015,HKFT_015-3,Yes,,,,,,,0.0000,,"DirectShip,InStorePickup",,,,Dark-Shadow-Grey/Green,8.5,,
Mystic_Dev,HKFT_015,HKFT_015-2,Yes,,,,,,,0.0000,,"DirectShip,InStorePickup",,,,Dark-Shadow-Grey/Green,8,,
Mystic_Dev,HKFT_015,HKFT_015-1,Yes,,,,,,,0.0000,,"DirectShip,InStorePickup",,,,Dark-Shadow-Grey/Green,7.5,,
Mystic_Dev,HKFT_014,HKFT_014-22,Yes,,,,,,,0.0000,,"DirectShip,InStorePickup",,,,Raven/Burnt-Ochre,13,,
Mystic_Dev,HKFT_014,HKFT_014-21,Yes,,,,,,,0.0000,,"DirectShip,InStorePickup",,,,Raven/Burnt-Ochre,12,,
Mystic_Dev,HKFT_014,HKFT_014-20,Yes,,,,,,,0.0000,,"DirectShip,InStorePickup",,,,Raven/Burnt-Ochre,11.5,,
Mystic_Dev,HKFT_014,HKFT_014-19,Yes,,,,,,,0.0000,,"DirectShip,InStorePickup",,,,Raven/Burnt-Ochre,11,,
Mystic_Dev,HKFT_014,HKFT_014-18,Yes,,,,,,,0.0000,,"DirectShip,InStorePickup",,,,Raven/Burnt-Ochre,10.5,,
Mystic_Dev,HKFT_014,HKFT_014-17,Yes,,,,,,,0.0000,,"DirectShip,InStorePickup",,,,Raven/Burnt-Ochre,10,,
Mystic_Dev,HKFT_014,HKFT_014-16,Yes,,,,,,,0.0000,,"DirectShip,InStorePickup",,,,Raven/Burnt-Ochre,9.5,,
Mystic_Dev,HKFT_014,HKFT_014-15,Yes,,,,,,,0.0000,,"DirectShip,InStorePickup",,,,Raven/Burnt-Ochre,9,,
Mystic_Dev,HKFT_014,HKFT_014-14,Yes,,,,,,,0.0000,,"DirectShip,InStorePickup",,,,Raven/Burnt-Ochre,8.5,,
Mystic_Dev,HKFT_014,HKFT_014-13,Yes,,,,,,,0.0000,,"DirectShip,InStorePickup",,,,Raven/Burnt-Ochre,8,,
Mystic_Dev,HKFT_014,HKFT_014-12,Yes,,,,,,,0.0000,,"DirectShip,InStorePickup",,,,Raven/Burnt-Ochre,7,,
Mystic_Dev,HKFT_014,HKFT_014-11,Yes,,,,,,,0.0000,,"DirectShip,InStorePickup",,,,India-Ink/Macaw,13,,
Mystic_Dev,HKFT_014,HKFT_014-10,Yes,,,,,,,0.0000,,"DirectShip,InStorePickup",,,,India-Ink/Macaw,12,,
Mystic_Dev,HKFT_014,HKFT_014-9,Yes,,,,,,,0.0000,,"DirectShip,InStorePickup",,,,India-Ink/Macaw,11.5,,
Mystic_Dev,HKFT_014,HKFT_014-8,Yes,,,,,,,0.0000,,"DirectShip,InStorePickup",,,,India-Ink/Macaw,11,,
Mystic_Dev,HKFT_014,HKFT_014-7,Yes,,,,,,,0.0000,,"DirectShip,InStorePickup",,,,India-Ink/Macaw,10.5,,
Mystic_Dev,HKFT_014,HKFT_014-6,Yes,,,,,,,0.0000,,"DirectShip,InStorePickup",,,,India-Ink/Macaw,10,,
Mystic_Dev,HKFT_014,HKFT_014-5,Yes,,,,,,,0.0000,,"DirectShip,InStorePickup",,,,India-Ink/Macaw,9.5,,
Mystic_Dev,HKFT_014,HKFT_014-4,Yes,,,,,,,0.0000,,"DirectShip,InStorePickup",,,,India-Ink/Macaw,9,,
Mystic_Dev,HKFT_014,HKFT_014-3,Yes,,,,,,,0.0000,,"DirectShip,InStorePickup",,,,India-Ink/Macaw,8.5,,
Mystic_Dev,HKFT_014,HKFT_014-2,Yes,,,,,,,0.0000,,"DirectShip,InStorePickup",,,,India-Ink/Macaw,8,,
Mystic_Dev,HKFT_014,HKFT_014-1,Yes,,,,,,,0.0000,,"DirectShip,InStorePickup",,,,India-Ink/Macaw,7,,
Mystic_Dev,HKFT_013,HKFT_013-10,Yes,,,,,,,0.0000,,"DirectShip,InStorePickup",,,,,13,,
Mystic_Dev,HKFT_013,HKFT_013-9,Yes,,,,,,,0.0000,,"DirectShip,InStorePickup",,,,,12,,
Mystic_Dev,HKFT_013,HKFT_013-8,Yes,,,,,,,0.0000,,"DirectShip,InStorePickup",,,,,11.5,,
Mystic_Dev,HKFT_013,HKFT_013-7,Yes,,,,,,,0.0000,,"DirectShip,InStorePickup",,,,,11,,
Mystic_Dev,HKFT_013,HKFT_013-6,Yes,,,,,,,0.0000,,"DirectShip,InStorePickup",,,,,10.5,,
Mystic_Dev,HKFT_013,HKFT_013-5,Yes,,,,,,,0.0000,,"DirectShip,InStorePickup",,,,,10,,
Mystic_Dev,HKFT_013,HKFT_013-4,Yes,,,,,,,0.0000,,"DirectShip,InStorePickup",,,,,9.5,,
Mystic_Dev,HKFT_013,HKFT_013-3,Yes,,,,,,,0.0000,,"DirectShip,InStorePickup",,,,,9,,
Mystic_Dev,HKFT_013,HKFT_013-2,Yes,,,,,,,0.0000,,"DirectShip,InStorePickup",,,,,8.5,,
Mystic_Dev,HKFT_013,HKFT_013-1,Yes,,,,,,,0.0000,,"DirectShip,InStorePickup",,,,,8,,
Mystic_Dev,HKFT_012,HKFT_012-12,Yes,,,,,,,0.0000,,"DirectShip,InStorePickup",,,,Graphite/Black,13,,
Mystic_Dev,HKFT_012,HKFT_012-11,Yes,,,,,,,0.0000,,"DirectShip,InStorePickup",,,,Graphite/Black,11.5,,
Mystic_Dev,HKFT_012,HKFT_012-10,Yes,,,,,,,0.0000,,"DirectShip,InStorePickup",,,,Graphite/Black,10,,
Mystic_Dev,HKFT_012,HKFT_012-9,Yes,,,,,,,0.0000,,"DirectShip,InStorePickup",,,,Graphite/Black,9.5,,
Mystic_Dev,HKFT_012,HKFT_012-8,Yes,,,,,,,0.0000,,"DirectShip,InStorePickup",,,,Graphite/Black,9,,
Mystic_Dev,HKFT_012,HKFT_012-7,Yes,,,,,,,0.0000,,"DirectShip,InStorePickup",,,,Graphite/Black,8,,
Mystic_Dev,HKFT_012,HKFT_012-6,Yes,,,,,,,0.0000,,"DirectShip,InStorePickup",,,,Graphite,13,,
Mystic_Dev,HKFT_012,HKFT_012-5,Yes,,,,,,,0.0000,,"DirectShip,InStorePickup",,,,Graphite,11.5,,
Mystic_Dev,HKFT_012,HKFT_012-4,Yes,,,,,,,0.0000,,"DirectShip,InStorePickup",,,,Graphite,10,,
Mystic_Dev,HKFT_012,HKFT_012-3,Yes,,,,,,,0.0000,,"DirectShip,InStorePickup",,,,Graphite,9.5,,
Mystic_Dev,HKFT_012,HKFT_012-2,Yes,,,,,,,0.0000,,"DirectShip,InStorePickup",,,,Graphite,9,,
Mystic_Dev,HKFT_012,HKFT_012-1,Yes,,,,,,,0.0000,,"DirectShip,InStorePickup",,,,Graphite,8,,
Mystic_Dev,HKFT_011,HKFT_011-11,Yes,,,,,,,0.0000,,"DirectShip,InStorePickup",,,,,13,,
Mystic_Dev,HKFT_011,HKFT_011-10,Yes,,,,,,,0.0000,,"DirectShip,InStorePickup",,,,,12.5,,
Mystic_Dev,HKFT_011,HKFT_011-9,Yes,,,,,,,0.0000,,"DirectShip,InStorePickup",,,,,12,,
Mystic_Dev,HKFT_011,HKFT_011-8,Yes,,,,,,,0.0000,,"DirectShip,InStorePickup",,,,,11.5,,
Mystic_Dev,HKFT_011,HKFT_011-7,Yes,,,,,,,0.0000,,"DirectShip,InStorePickup",,,,,11,,
Mystic_Dev,HKFT_011,HKFT_011-6,Yes,,,,,,,0.0000,,"DirectShip,InStorePickup",,,,,10.5,,
Mystic_Dev,HKFT_011,HKFT_011-5,Yes,,,,,,,0.0000,,"DirectShip,InStorePickup",,,,,10,,
Mystic_Dev,HKFT_011,HKFT_011-4,Yes,,,,,,,0.0000,,"DirectShip,InStorePickup",,,,,9.5,,
Mystic_Dev,HKFT_011,HKFT_011-3,Yes,,,,,,,0.0000,,"DirectShip,InStorePickup",,,,,9,,
Mystic_Dev,HKFT_011,HKFT_011-2,Yes,,,,,,,0.0000,,"DirectShip,InStorePickup",,,,,8.5,,
Mystic_Dev,HKFT_011,HKFT_011-1,Yes,,,,,,,0.0000,,"DirectShip,InStorePickup",,,,,8,,
Mystic_Dev,HKFT_010,HKFT_010-7,Yes,,,,,,,0.0000,,"DirectShip,InStorePickup",,,,,11,,
Mystic_Dev,HKFT_010,HKFT_010-6,Yes,,,,,,,0.0000,,"DirectShip,InStorePickup",,,,,10,,
Mystic_Dev,HKFT_010,HKFT_010-5,Yes,,,,,,,0.0000,,"DirectShip,InStorePickup",,,,,9,,
Mystic_Dev,HKFT_010,HKFT_010-4,Yes,,,,,,,0.0000,,"DirectShip,InStorePickup",,,,,8.5,,
Mystic_Dev,HKFT_010,HKFT_010-3,Yes,,,,,,,0.0000,,"DirectShip,InStorePickup",,,,,8,,
Mystic_Dev,HKFT_010,HKFT_010-2,Yes,,,,,,,0.0000,,"DirectShip,InStorePickup",,,,,7.5,,
Mystic_Dev,HKFT_010,HKFT_010-1,Yes,,,,,,,0.0000,,"DirectShip,InStorePickup",,,,,7,,
Mystic_Dev,HKFT_009,HKFT_009-6,Yes,,,,,,,0.0000,,"DirectShip,InStorePickup",,,,Dark-Olive,8.5,,
Mystic_Dev,HKFT_009,HKFT_009-5,Yes,,,,,,,0.0000,,"DirectShip,InStorePickup",,,,Dark-Olive,7.5,,
Mystic_Dev,HKFT_009,HKFT_009-4,Yes,,,,,,,0.0000,,"DirectShip,InStorePickup",,,,Dark-Olive,7,,
Mystic_Dev,HKFT_009,HKFT_009-3,Yes,,,,,,,0.0000,,"DirectShip,InStorePickup",,,,Black,8.5,,
Mystic_Dev,HKFT_009,HKFT_009-2,Yes,,,,,,,0.0000,,"DirectShip,InStorePickup",,,,Black,7.5,,
Mystic_Dev,HKFT_009,HKFT_009-1,Yes,,,,,,,0.0000,,"DirectShip,InStorePickup",,,,Black,7,,
Mystic_Dev,HKFT_008,HKFT_008-7,Yes,,,,,,,0.0000,,"DirectShip,InStorePickup",,,,,12,,
Mystic_Dev,HKFT_008,HKFT_008-6,Yes,,,,,,,0.0000,,"DirectShip,InStorePickup",,,,,10.5,,
Mystic_Dev,HKFT_008,HKFT_008-5,Yes,,,,,,,0.0000,,"DirectShip,InStorePickup",,,,,10,,
Mystic_Dev,HKFT_008,HKFT_008-4,Yes,,,,,,,0.0000,,"DirectShip,InStorePickup",,,,,9.5,,
Mystic_Dev,HKFT_008,HKFT_008-3,Yes,,,,,,,0.0000,,"DirectShip,InStorePickup",,,,,9,,
Mystic_Dev,HKFT_008,HKFT_008-2,Yes,,,,,,,0.0000,,"DirectShip,InStorePickup",,,,,8.5,,
Mystic_Dev,HKFT_008,HKFT_008-1,Yes,,,,,,,0.0000,,"DirectShip,InStorePickup",,,,,8,,
Mystic_Dev,HKFT_007,HKFT_007-36,Yes,,,,,,,0.0000,,"DirectShip,InStorePickup",,,,Sodalite,13,,
Mystic_Dev,HKFT_007,HKFT_007-35,Yes,,,,,,,0.0000,,"DirectShip,InStorePickup",,,,Sodalite,12,,
Mystic_Dev,HKFT_007,HKFT_007-34,Yes,,,,,,,0.0000,,"DirectShip,InStorePickup",,,,Sodalite,11.5,,
Mystic_Dev,HKFT_007,HKFT_007-33,Yes,,,,,,,0.0000,,"DirectShip,InStorePickup",,,,Sodalite,11,,
Mystic_Dev,HKFT_007,HKFT_007-32,Yes,,,,,,,0.0000,,"DirectShip,InStorePickup",,,,Sodalite,10.5,,
Mystic_Dev,HKFT_007,HKFT_007-31,Yes,,,,,,,0.0000,,"DirectShip,InStorePickup",,,,Sodalite,10,,
Mystic_Dev,HKFT_007,HKFT_007-30,Yes,,,,,,,0.0000,,"DirectShip,InStorePickup",,,,Sodalite,9.5,,
Mystic_Dev,HKFT_007,HKFT_007-29,Yes,,,,,,,0.0000,,"DirectShip,InStorePickup",,,,Sodalite,9,,
Mystic_Dev,HKFT_007,HKFT_007-28,Yes,,,,,,,0.0000,,"DirectShip,InStorePickup",,,,Sodalite,8.5,,
Mystic_Dev,HKFT_007,HKFT_007-27,Yes,,,,,,,0.0000,,"DirectShip,InStorePickup",,,,Sodalite,8,,
Mystic_Dev,HKFT_007,HKFT_007-26,Yes,,,,,,,0.0000,,"DirectShip,InStorePickup",,,,Sodalite,7.5,,
Mystic_Dev,HKFT_007,HKFT_007-25,Yes,,,,,,,0.0000,,"DirectShip,InStorePickup",,,,Sodalite,7,,
Mystic_Dev,HKFT_007,HKFT_007-24,Yes,,,,,,,0.0000,,"DirectShip,InStorePickup",,,,Burnt-Maple,13,,
Mystic_Dev,HKFT_007,HKFT_007-23,Yes,,,,,,,0.0000,,"DirectShip,InStorePickup",,,,Burnt-Maple,12,,
Mystic_Dev,HKFT_007,HKFT_007-22,Yes,,,,,,,0.0000,,"DirectShip,InStorePickup",,,,Burnt-Maple,11.5,,
Mystic_Dev,HKFT_007,HKFT_007-21,Yes,,,,,,,0.0000,,"DirectShip,InStorePickup",,,,Burnt-Maple,11,,
Mystic_Dev,HKFT_007,HKFT_007-20,Yes,,,,,,,0.0000,,"DirectShip,InStorePickup",,,,Burnt-Maple,10.5,,
Mystic_Dev,HKFT_007,HKFT_007-19,Yes,,,,,,,0.0000,,"DirectShip,InStorePickup",,,,Burnt-Maple,10,,
Mystic_Dev,HKFT_007,HKFT_007-18,Yes,,,,,,,0.0000,,"DirectShip,InStorePickup",,,,Burnt-Maple,9.5,,
Mystic_Dev,HKFT_007,HKFT_007-17,Yes,,,,,,,0.0000,,"DirectShip,InStorePickup",,,,Burnt-Maple,9,,
Mystic_Dev,HKFT_007,HKFT_007-16,Yes,,,,,,,0.0000,,"DirectShip,InStorePickup",,,,Burnt-Maple,8.5,,
Mystic_Dev,HKFT_007,HKFT_007-15,Yes,,,,,,,0.0000,,"DirectShip,InStorePickup",,,,Burnt-Maple,8,,
Mystic_Dev,HKFT_007,HKFT_007-14,Yes,,,,,,,0.0000,,"DirectShip,InStorePickup",,,,Burnt-Maple,7.5,,
Mystic_Dev,HKFT_007,HKFT_007-13,Yes,,,,,,,0.0000,,"DirectShip,InStorePickup",,,,Burnt-Maple,7,,
Mystic_Dev,HKFT_007,HKFT_007-12,Yes,,,,,,,0.0000,,"DirectShip,InStorePickup",,,,Black,13,,
Mystic_Dev,HKFT_007,HKFT_007-11,Yes,,,,,,,0.0000,,"DirectShip,InStorePickup",,,,Black,12,,
Mystic_Dev,HKFT_007,HKFT_007-10,Yes,,,,,,,0.0000,,"DirectShip,InStorePickup",,,,Black,11.5,,
Mystic_Dev,HKFT_007,HKFT_007-9,Yes,,,,,,,0.0000,,"DirectShip,InStorePickup",,,,Black,11,,
Mystic_Dev,HKFT_007,HKFT_007-8,Yes,,,,,,,0.0000,,"DirectShip,InStorePickup",,,,Black,10.5,,
Mystic_Dev,HKFT_007,HKFT_007-7,Yes,,,,,,,0.0000,,"DirectShip,InStorePickup",,,,Black,10,,
Mystic_Dev,HKFT_007,HKFT_007-6,Yes,,,,,,,0.0000,,"DirectShip,InStorePickup",,,,Black,9.5,,
Mystic_Dev,HKFT_007,HKFT_007-5,Yes,,,,,,,0.0000,,"DirectShip,InStorePickup",,,,Black,9,,
Mystic_Dev,HKFT_007,HKFT_007-4,Yes,,,,,,,0.0000,,"DirectShip,InStorePickup",,,,Black,8.5,,
Mystic_Dev,HKFT_007,HKFT_007-3,Yes,,,,,,,0.0000,,"DirectShip,InStorePickup",,,,Black,8,,
Mystic_Dev,HKFT_007,HKFT_007-2,Yes,,,,,,,0.0000,,"DirectShip,InStorePickup",,,,Black,7.5,,
Mystic_Dev,HKFT_007,HKFT_007-1,Yes,,,,,,,0.0000,,"DirectShip,InStorePickup",,,,Black,7,,
Mystic_Dev,HKFT_006,HKFT_006-18,Yes,,,,,,,0.0000,,"DirectShip,InStorePickup",,,,Granite,13,,
Mystic_Dev,HKFT_006,HKFT_006-17,Yes,,,,,,,0.0000,,"DirectShip,InStorePickup",,,,Granite,12,,
Mystic_Dev,HKFT_006,HKFT_006-16,Yes,,,,,,,0.0000,,"DirectShip,InStorePickup",,,,Granite,11.5,,
Mystic_Dev,HKFT_006,HKFT_006-15,Yes,,,,,,,0.0000,,"DirectShip,InStorePickup",,,,Granite,11,,
Mystic_Dev,HKFT_006,HKFT_006-14,Yes,,,,,,,0.0000,,"DirectShip,InStorePickup",,,,Granite,10.5,,
Mystic_Dev,HKFT_006,HKFT_006-13,Yes,,,,,,,0.0000,,"DirectShip,InStorePickup",,,,Granite,10,,
Mystic_Dev,HKFT_006,HKFT_006-12,Yes,,,,,,,0.0000,,"DirectShip,InStorePickup",,,,Granite,9.5,,
Mystic_Dev,HKFT_006,HKFT_006-11,Yes,,,,,,,0.0000,,"DirectShip,InStorePickup",,,,Granite,9,,
Mystic_Dev,HKFT_006,HKFT_006-10,Yes,,,,,,,0.0000,,"DirectShip,InStorePickup",,,,Granite,8,,
Mystic_Dev,HKFT_006,HKFT_006-9,Yes,,,,,,,0.0000,,"DirectShip,InStorePickup",,,,Bitter-Root,13,,
Mystic_Dev,HKFT_006,HKFT_006-8,Yes,,,,,,,0.0000,,"DirectShip,InStorePickup",,,,Bitter-Root,12,,
Mystic_Dev,HKFT_006,HKFT_006-7,Yes,,,,,,,0.0000,,"DirectShip,InStorePickup",,,,Bitter-Root,11.5,,
Mystic_Dev,HKFT_006,HKFT_006-6,Yes,,,,,,,0.0000,,"DirectShip,InStorePickup",,,,Bitter-Root,11,,
Mystic_Dev,HKFT_006,HKFT_006-5,Yes,,,,,,,0.0000,,"DirectShip,InStorePickup",,,,Bitter-Root,10.5,,
Mystic_Dev,HKFT_006,HKFT_006-4,Yes,,,,,,,0.0000,,"DirectShip,InStorePickup",,,,Bitter-Root,10,,
Mystic_Dev,HKFT_006,HKFT_006-3,Yes,,,,,,,0.0000,,"DirectShip,InStorePickup",,,,Bitter-Root,9.5,,
Mystic_Dev,HKFT_006,HKFT_006-2,Yes,,,,,,,0.0000,,"DirectShip,InStorePickup",,,,Bitter-Root,9,,
Mystic_Dev,HKFT_006,HKFT_006-1,Yes,,,,,,,0.0000,,"DirectShip,InStorePickup",,,,Bitter-Root,8,,
Mystic_Dev,HKFT_005,HKFT_005-20,Yes,,,,,,,0.0000,,"DirectShip,InStorePickup",,,,Sesame,13,,
Mystic_Dev,HKFT_005,HKFT_005-19,Yes,,,,,,,0.0000,,"DirectShip,InStorePickup",,,,Sesame,12,,
Mystic_Dev,HKFT_005,HKFT_005-18,Yes,,,,,,,0.0000,,"DirectShip,InStorePickup",,,,Sesame,11.5,,
Mystic_Dev,HKFT_005,HKFT_005-17,Yes,,,,,,,0.0000,,"DirectShip,InStorePickup",,,,Sesame,11,,
Mystic_Dev,HKFT_005,HKFT_005-16,Yes,,,,,,,0.0000,,"DirectShip,InStorePickup",,,,Sesame,10.5,,
Mystic_Dev,HKFT_005,HKFT_005-15,Yes,,,,,,,0.0000,,"DirectShip,InStorePickup",,,,Sesame,10,,
Mystic_Dev,HKFT_005,HKFT_005-14,Yes,,,,,,,0.0000,,"DirectShip,InStorePickup",,,,Sesame,9.5,,
Mystic_Dev,HKFT_005,HKFT_005-13,Yes,,,,,,,0.0000,,"DirectShip,InStorePickup",,,,Sesame,9,,
Mystic_Dev,HKFT_005,HKFT_005-12,Yes,,,,,,,0.0000,,"DirectShip,InStorePickup",,,,Sesame,8.5,,
Mystic_Dev,HKFT_005,HKFT_005-11,Yes,,,,,,,0.0000,,"DirectShip,InStorePickup",,,,Sesame,8,,
Mystic_Dev,HKFT_005,HKFT_005-10,Yes,,,,,,,0.0000,,"DirectShip,InStorePickup",,,,Green,13,,
Mystic_Dev,HKFT_005,HKFT_005-9,Yes,,,,,,,0.0000,,"DirectShip,InStorePickup",,,,Green,12,,
Mystic_Dev,HKFT_005,HKFT_005-8,Yes,,,,,,,0.0000,,"DirectShip,InStorePickup",,,,Green,11.5,,
Mystic_Dev,HKFT_005,HKFT_005-7,Yes,,,,,,,0.0000,,"DirectShip,InStorePickup",,,,Green,11,,
Mystic_Dev,HKFT_005,HKFT_005-6,Yes,,,,,,,0.0000,,"DirectShip,InStorePickup",,,,Green,10.5,,
Mystic_Dev,HKFT_005,HKFT_005-5,Yes,,,,,,,0.0000,,"DirectShip,InStorePickup",,,,Green,10,,
Mystic_Dev,HKFT_005,HKFT_005-4,Yes,,,,,,,0.0000,,"DirectShip,InStorePickup",,,,Green,9.5,,
Mystic_Dev,HKFT_005,HKFT_005-3,Yes,,,,,,,0.0000,,"DirectShip,InStorePickup",,,,Green,9,,
Mystic_Dev,HKFT_005,HKFT_005-2,Yes,,,,,,,0.0000,,"DirectShip,InStorePickup",,,,Green,8.5,,
Mystic_Dev,HKFT_005,HKFT_005-1,Yes,,,,,,,0.0000,,"DirectShip,InStorePickup",,,,Green,8,,
Mystic_Dev,HKFT_035,HKFT_035-8,Yes,,,,,,,0.0000,,"DirectShip,InStorePickup",,,,Warm-Grey/Beetroot/Salmon,Kids-11,,
Mystic_Dev,HKFT_035,HKFT_035-7,Yes,,,,,,,0.0000,,"DirectShip,InStorePickup",,,,Warm-Grey/Beetroot/Salmon,Kids-10,,
Mystic_Dev,HKFT_035,HKFT_035-6,Yes,,,,,,,0.0000,,"DirectShip,InStorePickup",,,,Warm-Grey/Beetroot/Salmon,Kids-6,,
Mystic_Dev,HKFT_035,HKFT_035-5,Yes,,,,,,,0.0000,,"DirectShip,InStorePickup",,,,Warm-Grey/Beetroot/Salmon,Kids-1,,
Mystic_Dev,HKFT_035,HKFT_035-4,Yes,,,,,,,0.0000,,"DirectShip,InStorePickup",,,,Brown/Taupe/Clementine,Kids-11,,
Mystic_Dev,HKFT_035,HKFT_035-3,Yes,,,,,,,0.0000,,"DirectShip,InStorePickup",,,,Brown/Taupe/Clementine,Kids-10,,
Mystic_Dev,HKFT_035,HKFT_035-2,Yes,,,,,,,0.0000,,"DirectShip,InStorePickup",,,,Brown/Taupe/Clementine,Kids-6,,
Mystic_Dev,HKFT_035,HKFT_035-1,Yes,,,,,,,0.0000,,"DirectShip,InStorePickup",,,,Brown/Taupe/Clementine,Kids-1,,
Mystic_Dev,HKFT_034,HKFT_034-4,Yes,,,,,,,0.0000,,"DirectShip,InStorePickup",,,,,Kids-11,,
Mystic_Dev,HKFT_034,HKFT_034-3,Yes,,,,,,,0.0000,,"DirectShip,InStorePickup",,,,,Kids-10,,
Mystic_Dev,HKFT_034,HKFT_034-2,Yes,,,,,,,0.0000,,"DirectShip,InStorePickup",,,,,Kids-9,,
Mystic_Dev,HKFT_034,HKFT_034-1,Yes,,,,,,,0.0000,,"DirectShip,InStorePickup",,,,,Kids-8,,
Mystic_Dev,HKFT_033,HKFT_033-6,Yes,,,,,,,0.0000,,"DirectShip,InStorePickup",,,,Magnet/Cerise-Pink,Kids-10,,
Mystic_Dev,HKFT_033,HKFT_033-5,Yes,,,,,,,0.0000,,"DirectShip,InStorePickup",,,,Magnet/Cerise-Pink,Kids-9,,
Mystic_Dev,HKFT_033,HKFT_033-4,Yes,,,,,,,0.0000,,"DirectShip,InStorePickup",,,,Magnet/Cerise-Pink,Kids-8,,
Mystic_Dev,HKFT_033,HKFT_033-3,Yes,,,,,,,0.0000,,"DirectShip,InStorePickup",,,,Black/Burnt-Olive,Kids-10,,
Mystic_Dev,HKFT_033,HKFT_033-2,Yes,,,,,,,0.0000,,"DirectShip,InStorePickup",,,,Black/Burnt-Olive,Kids-9,,
Mystic_Dev,HKFT_033,HKFT_033-1,Yes,,,,,,,0.0000,,"DirectShip,InStorePickup",,,,Black/Burnt-Olive,Kids-8,,
Mystic_Dev,HKFT_032,HKFT_032-10,Yes,,,,,,,0.0000,,"DirectShip,InStorePickup",,,,,Kids-13,,
Mystic_Dev,HKFT_032,HKFT_032-9,Yes,,,,,,,0.0000,,"DirectShip,InStorePickup",,,,,Kids-12,,
Mystic_Dev,HKFT_032,HKFT_032-8,Yes,,,,,,,0.0000,,"DirectShip,InStorePickup",,,,,Kids-11,,
Mystic_Dev,HKFT_032,HKFT_032-7,Yes,,,,,,,0.0000,,"DirectShip,InStorePickup",,,,,Kids-10,,
Mystic_Dev,HKFT_032,HKFT_032-6,Yes,,,,,,,0.0000,,"DirectShip,InStorePickup",,,,,Kids-6,,
Mystic_Dev,HKFT_032,HKFT_032-5,Yes,,,,,,,0.0000,,"DirectShip,InStorePickup",,,,,Kids-5,,
Mystic_Dev,HKFT_032,HKFT_032-4,Yes,,,,,,,0.0000,,"DirectShip,InStorePickup",,,,,Kids-4,,
Mystic_Dev,HKFT_032,HKFT_032-3,Yes,,,,,,,0.0000,,"DirectShip,InStorePickup",,,,,Kids-3,,
Mystic_Dev,HKFT_032,HKFT_032-2,Yes,,,,,,,0.0000,,"DirectShip,InStorePickup",,,,,Kids-2,,
Mystic_Dev,HKFT_032,HKFT_032-1,Yes,,,,,,,0.0000,,"DirectShip,InStorePickup",,,,,Kids-1,,
Mystic_Dev,HKFT_031,HKFT_031-22,Yes,,,,,,,0.0000,,"DirectShip,InStorePickup",,,,Brown/Mint,11,,
Mystic_Dev,HKFT_031,HKFT_031-21,Yes,,,,,,,0.0000,,"DirectShip,InStorePickup",,,,Brown/Mint,10.5,,
Mystic_Dev,HKFT_031,HKFT_031-20,Yes,,,,,,,0.0000,,"DirectShip,InStorePickup",,,,Brown/Mint,10,,
Mystic_Dev,HKFT_031,HKFT_031-19,Yes,,,,,,,0.0000,,"DirectShip,InStorePickup",,,,Brown/Mint,9.5,,
Mystic_Dev,HKFT_031,HKFT_031-18,Yes,,,,,,,0.0000,,"DirectShip,InStorePickup",,,,Brown/Mint,9,,
Mystic_Dev,HKFT_031,HKFT_031-17,Yes,,,,,,,0.0000,,"DirectShip,InStorePickup",,,,Brown/Mint,8.5,,
Mystic_Dev,HKFT_031,HKFT_031-16,Yes,,,,,,,0.0000,,"DirectShip,InStorePickup",,,,Brown/Mint,8,,
Mystic_Dev,HKFT_031,HKFT_031-15,Yes,,,,,,,0.0000,,"DirectShip,InStorePickup",,,,Brown/Mint,7.5,,
Mystic_Dev,HKFT_031,HKFT_031-14,Yes,,,,,,,0.0000,,"DirectShip,InStorePickup",,,,Brown/Mint,7,,
Mystic_Dev,HKFT_031,HKFT_031-13,Yes,,,,,,,0.0000,,"DirectShip,InStorePickup",,,,Brown/Mint,6.5,,
Mystic_Dev,HKFT_031,HKFT_031-12,Yes,,,,,,,0.0000,,"DirectShip,InStorePickup",,,,Brown/Mint,6,,
Mystic_Dev,HKFT_031,HKFT_031-11,Yes,,,,,,,0.0000,,"DirectShip,InStorePickup",,,,Ash-Stone,11,,
Mystic_Dev,HKFT_031,HKFT_031-10,Yes,,,,,,,0.0000,,"DirectShip,InStorePickup",,,,Ash-Stone,10.5,,
Mystic_Dev,HKFT_031,HKFT_031-9,Yes,,,,,,,0.0000,,"DirectShip,InStorePickup",,,,Ash-Stone,10,,
Mystic_Dev,HKFT_031,HKFT_031-8,Yes,,,,,,,0.0000,,"DirectShip,InStorePickup",,,,Ash-Stone,9.5,,
Mystic_Dev,HKFT_031,HKFT_031-7,Yes,,,,,,,0.0000,,"DirectShip,InStorePickup",,,,Ash-Stone,9,,
Mystic_Dev,HKFT_031,HKFT_031-6,Yes,,,,,,,0.0000,,"DirectShip,InStorePickup",,,,Ash-Stone,8.5,,
Mystic_Dev,HKFT_031,HKFT_031-5,Yes,,,,,,,0.0000,,"DirectShip,InStorePickup",,,,Ash-Stone,8,,
Mystic_Dev,HKFT_031,HKFT_031-4,Yes,,,,,,,0.0000,,"DirectShip,InStorePickup",,,,Ash-Stone,7.5,,
Mystic_Dev,HKFT_031,HKFT_031-3,Yes,,,,,,,0.0000,,"DirectShip,InStorePickup",,,,Ash-Stone,7,,
Mystic_Dev,HKFT_031,HKFT_031-2,Yes,,,,,,,0.0000,,"DirectShip,InStorePickup",,,,Ash-Stone,6.5,,
Mystic_Dev,HKFT_031,HKFT_031-1,Yes,,,,,,,0.0000,,"DirectShip,InStorePickup",,,,Ash-Stone,6,,
Mystic_Dev,HKFT_030,HKFT_030-8,Yes,,,,,,,0.0000,,"DirectShip,InStorePickup",,,,Leaf,11,,
Mystic_Dev,HKFT_030,HKFT_030-7,Yes,,,,,,,0.0000,,"DirectShip,InStorePickup",,,,Leaf,8,,
Mystic_Dev,HKFT_030,HKFT_030-6,Yes,,,,,,,0.0000,,"DirectShip,InStorePickup",,,,Leaf,7.5,,
Mystic_Dev,HKFT_030,HKFT_030-5,Yes,,,,,,,0.0000,,"DirectShip,InStorePickup",,,,Leaf,6,,
Mystic_Dev,HKFT_030,HKFT_030-4,Yes,,,,,,,0.0000,,"DirectShip,InStorePickup",,,,Glacier,11,,
Mystic_Dev,HKFT_030,HKFT_030-3,Yes,,,,,,,0.0000,,"DirectShip,InStorePickup",,,,Glacier,8,,
Mystic_Dev,HKFT_030,HKFT_030-2,Yes,,,,,,,0.0000,,"DirectShip,InStorePickup",,,,Glacier,7.5,,
Mystic_Dev,HKFT_030,HKFT_030-1,Yes,,,,,,,0.0000,,"DirectShip,InStorePickup",,,,Glacier,6,,
Mystic_Dev,HKFT_029,HKFT_029-26,Yes,,,,,,,0.0000,,"DirectShip,InStorePickup",,,,Tnf-Black/Tnf-White,11,,
Mystic_Dev,HKFT_029,HKFT_029-25,Yes,,,,,,,0.0000,,"DirectShip,InStorePickup",,,,Tnf-Black/Tnf-White,10.5,,
Mystic_Dev,HKFT_029,HKFT_029-24,Yes,,,,,,,0.0000,,"DirectShip,InStorePickup",,,,Tnf-Black/Tnf-White,10,,
Mystic_Dev,HKFT_029,HKFT_029-23,Yes,,,,,,,0.0000,,"DirectShip,InStorePickup",,,,Tnf-Black/Tnf-White,9.5,,
Mystic_Dev,HKFT_029,HKFT_029-22,Yes,,,,,,,0.0000,,"DirectShip,InStorePickup",,,,Tnf-Black/Tnf-White,9,,
Mystic_Dev,HKFT_029,HKFT_029-21,Yes,,,,,,,0.0000,,"DirectShip,InStorePickup",,,,Tnf-Black/Tnf-White,8.5,,
Mystic_Dev,HKFT_029,HKFT_029-20,Yes,,,,,,,0.0000,,"DirectShip,InStorePickup",,,,Tnf-Black/Tnf-White,8,,
Mystic_Dev,HKFT_029,HKFT_029-19,Yes,,,,,,,0.0000,,"DirectShip,InStorePickup",,,,Tnf-Black/Tnf-White,7.5,,
Mystic_Dev,HKFT_029,HKFT_029-18,Yes,,,,,,,0.0000,,"DirectShip,InStorePickup",,,,Tnf-Black/Tnf-White,7,,
Mystic_Dev,HKFT_029,HKFT_029-17,Yes,,,,,,,0.0000,,"DirectShip,InStorePickup",,,,Tnf-Black/Tnf-White,6.5,,
Mystic_Dev,HKFT_029,HKFT_029-16,Yes,,,,,,,0.0000,,"DirectShip,InStorePickup",,,,Tnf-Black/Tnf-White,6,,
Mystic_Dev,HKFT_029,HKFT_029-15,Yes,,,,,,,0.0000,,"DirectShip,InStorePickup",,,,Tnf-Black/Tnf-White,5.5,,
Mystic_Dev,HKFT_029,HKFT_029-14,Yes,,,,,,,0.0000,,"DirectShip,InStorePickup",,,,Tnf-Black/Tnf-White,5,,
Mystic_Dev,HKFT_029,HKFT_029-13,Yes,,,,,,,0.0000,,"DirectShip,InStorePickup",,,,Honeysuckle-Pink/Tnf-White,11,,
Mystic_Dev,HKFT_029,HKFT_029-12,Yes,,,,,,,0.0000,,"DirectShip,InStorePickup",,,,Honeysuckle-Pink/Tnf-White,10.5,,
Mystic_Dev,HKFT_029,HKFT_029-11,Yes,,,,,,,0.0000,,"DirectShip,InStorePickup",,,,Honeysuckle-Pink/Tnf-White,10,,
Mystic_Dev,HKFT_029,HKFT_029-10,Yes,,,,,,,0.0000,,"DirectShip,InStorePickup",,,,Honeysuckle-Pink/Tnf-White,9.5,,
Mystic_Dev,HKFT_029,HKFT_029-9,Yes,,,,,,,0.0000,,"DirectShip,InStorePickup",,,,Honeysuckle-Pink/Tnf-White,9,,
Mystic_Dev,HKFT_029,HKFT_029-8,Yes,,,,,,,0.0000,,"DirectShip,InStorePickup",,,,Honeysuckle-Pink/Tnf-White,8.5,,
Mystic_Dev,HKFT_029,HKFT_029-7,Yes,,,,,,,0.0000,,"DirectShip,InStorePickup",,,,Honeysuckle-Pink/Tnf-White,8,,
Mystic_Dev,HKFT_029,HKFT_029-6,Yes,,,,,,,0.0000,,"DirectShip,InStorePickup",,,,Honeysuckle-Pink/Tnf-White,7.5,,
Mystic_Dev,HKFT_029,HKFT_029-5,Yes,,,,,,,0.0000,,"DirectShip,InStorePickup",,,,Honeysuckle-Pink/Tnf-White,7,,
Mystic_Dev,HKFT_029,HKFT_029-4,Yes,,,,,,,0.0000,,"DirectShip,InStorePickup",,,,Honeysuckle-Pink/Tnf-White,6.5,,
Mystic_Dev,HKFT_029,HKFT_029-3,Yes,,,,,,,0.0000,,"DirectShip,InStorePickup",,,,Honeysuckle-Pink/Tnf-White,6,,
Mystic_Dev,HKFT_029,HKFT_029-2,Yes,,,,,,,0.0000,,"DirectShip,InStorePickup",,,,Honeysuckle-Pink/Tnf-White,5.5,,
Mystic_Dev,HKFT_029,HKFT_029-1,Yes,,,,,,,0.0000,,"DirectShip,InStorePickup",,,,Honeysuckle-Pink/Tnf-White,5,,
Mystic_Dev,HikeJack_016,HikeJack_016-10,Yes,,,,,,,0.0000,,"DirectShip,InStorePickup",,,,Teal/Voltage,,,Extra Large
Mystic_Dev,HikeJack_016,HikeJack_016-9,Yes,,,,,,,0.0000,,"DirectShip,InStorePickup",,,,Teal/Voltage,,,Large
Mystic_Dev,HikeJack_016,HikeJack_016-8,Yes,,,,,,,0.0000,,"DirectShip,InStorePickup",,,,Teal/Voltage,,,Medium
Mystic_Dev,HikeJack_016,HikeJack_016-7,Yes,,,,,,,0.0000,,"DirectShip,InStorePickup",,,,Teal/Voltage,,,XS
Mystic_Dev,HikeJack_016,HikeJack_016-6,Yes,,,,,,,0.0000,,"DirectShip,InStorePickup",,,,Teal/Voltage,,,XXS
Mystic_Dev,HikeJack_016,HikeJack_016-5,Yes,,,,,,,0.0000,,"DirectShip,InStorePickup",,,,Paisley-Purple,,,Extra Large
Mystic_Dev,HikeJack_016,HikeJack_016-4,Yes,,,,,,,0.0000,,"DirectShip,InStorePickup",,,,Paisley-Purple,,,Large
Mystic_Dev,HikeJack_016,HikeJack_016-3,Yes,,,,,,,0.0000,,"DirectShip,InStorePickup",,,,Paisley-Purple,,,Medium
Mystic_Dev,HikeJack_016,HikeJack_016-2,Yes,,,,,,,0.0000,,"DirectShip,InStorePickup",,,,Paisley-Purple,,,XS
Mystic_Dev,HikeJack_016,HikeJack_016-1,Yes,,,,,,,0.0000,,"DirectShip,InStorePickup",,,,Paisley-Purple,,,XXS
Mystic_Dev,HikeJack_015,HikeJack_015-33,Yes,,,,,,,0.0000,,"DirectShip,InStorePickup",,,,Marine-Blue,,,12
Mystic_Dev,HikeJack_015,HikeJack_015-32,Yes,,,,,,,0.0000,,"DirectShip,InStorePickup",,,,Marine-Blue,,,10
Mystic_Dev,HikeJack_015,HikeJack_015-31,Yes,,,,,,,0.0000,,"DirectShip,InStorePickup",,,,Marine-Blue,,,9
Mystic_Dev,HikeJack_015,HikeJack_015-30,Yes,,,,,,,0.0000,,"DirectShip,InStorePickup",,,,Marine-Blue,,,8
Mystic_Dev,HikeJack_015,HikeJack_015-29,Yes,,,,,,,0.0000,,"DirectShip,InStorePickup",,,,Marine-Blue,,,7
Mystic_Dev,HikeJack_015,HikeJack_015-28,Yes,,,,,,,0.0000,,"DirectShip,InStorePickup",,,,Marine-Blue,,,6
Mystic_Dev,HikeJack_015,HikeJack_015-27,Yes,,,,,,,0.0000,,"DirectShip,InStorePickup",,,,Marine-Blue,,,5
Mystic_Dev,HikeJack_015,HikeJack_015-26,Yes,,,,,,,0.0000,,"DirectShip,InStorePickup",,,,Marine-Blue,,,4
Mystic_Dev,HikeJack_015,HikeJack_015-25,Yes,,,,,,,0.0000,,"DirectShip,InStorePickup",,,,Marine-Blue,,,3
Mystic_Dev,HikeJack_015,HikeJack_015-24,Yes,,,,,,,0.0000,,"DirectShip,InStorePickup",,,,Marine-Blue,,,2
Mystic_Dev,HikeJack_015,HikeJack_015-23,Yes,,,,,,,0.0000,,"DirectShip,InStorePickup",,,,Marine-Blue,,,1
Mystic_Dev,HikeJack_015,HikeJack_015-22,Yes,,,,,,,0.0000,,"DirectShip,InStorePickup",,,,Evening-Blue,,,12
Mystic_Dev,HikeJack_015,HikeJack_015-21,Yes,,,,,,,0.0000,,"DirectShip,InStorePickup",,,,Evening-Blue,,,10
Mystic_Dev,HikeJack_015,HikeJack_015-20,Yes,,,,,,,0.0000,,"DirectShip,InStorePickup",,,,Evening-Blue,,,9
Mystic_Dev,HikeJack_015,HikeJack_015-19,Yes,,,,,,,0.0000,,"DirectShip,InStorePickup",,,,Evening-Blue,,,8
Mystic_Dev,HikeJack_015,HikeJack_015-18,Yes,,,,,,,0.0000,,"DirectShip,InStorePickup",,,,Evening-Blue,,,7
Mystic_Dev,HikeJack_015,HikeJack_015-17,Yes,,,,,,,0.0000,,"DirectShip,InStorePickup",,,,Evening-Blue,,,6
Mystic_Dev,HikeJack_015,HikeJack_015-16,Yes,,,,,,,0.0000,,"DirectShip,InStorePickup",,,,Evening-Blue,,,5
Mystic_Dev,HikeJack_015,HikeJack_015-15,Yes,,,,,,,0.0000,,"DirectShip,InStorePickup",,,,Evening-Blue,,,4
Mystic_Dev,HikeJack_015,HikeJack_015-14,Yes,,,,,,,0.0000,,"DirectShip,InStorePickup",,,,Evening-Blue,,,3
Mystic_Dev,HikeJack_015,HikeJack_015-13,Yes,,,,,,,0.0000,,"DirectShip,InStorePickup",,,,Evening-Blue,,,2
Mystic_Dev,HikeJack_015,HikeJack_015-12,Yes,,,,,,,0.0000,,"DirectShip,InStorePickup",,,,Evening-Blue,,,1
Mystic_Dev,HikeJack_015,HikeJack_015-11,Yes,,,,,,,0.0000,,"DirectShip,InStorePickup",,,,Charcoal,,,12
Mystic_Dev,HikeJack_015,HikeJack_015-10,Yes,,,,,,,0.0000,,"DirectShip,InStorePickup",,,,Charcoal,,,10
Mystic_Dev,HikeJack_015,HikeJack_015-9,Yes,,,,,,,0.0000,,"DirectShip,InStorePickup",,,,Charcoal,,,9
Mystic_Dev,HikeJack_015,HikeJack_015-8,Yes,,,,,,,0.0000,,"DirectShip,InStorePickup",,,,Charcoal,,,8
Mystic_Dev,HikeJack_015,HikeJack_015-7,Yes,,,,,,,0.0000,,"DirectShip,InStorePickup",,,,Charcoal,,,7
Mystic_Dev,HikeJack_015,HikeJack_015-6,Yes,,,,,,,0.0000,,"DirectShip,InStorePickup",,,,Charcoal,,,6
Mystic_Dev,HikeJack_015,HikeJack_015-5,Yes,,,,,,,0.0000,,"DirectShip,InStorePickup",,,,Charcoal,,,5
Mystic_Dev,HikeJack_015,HikeJack_015-4,Yes,,,,,,,0.0000,,"DirectShip,InStorePickup",,,,Charcoal,,,4
Mystic_Dev,HikeJack_015,HikeJack_015-3,Yes,,,,,,,0.0000,,"DirectShip,InStorePickup",,,,Charcoal,,,3
Mystic_Dev,HikeJack_015,HikeJack_015-2,Yes,,,,,,,0.0000,,"DirectShip,InStorePickup",,,,Charcoal,,,2
Mystic_Dev,HikeJack_015,HikeJack_015-1,Yes,,,,,,,0.0000,,"DirectShip,InStorePickup",,,,Charcoal,,,1
Mystic_Dev,HikeJack_014,HikeJack_014-12,Yes,,,,,,,0.0000,,"DirectShip,InStorePickup",,,,Watermelon,,,Large
Mystic_Dev,HikeJack_014,HikeJack_014-11,Yes,,,,,,,0.0000,,"DirectShip,InStorePickup",,,,Watermelon,,,Medium
Mystic_Dev,HikeJack_014,HikeJack_014-10,Yes,,,,,,,0.0000,,"DirectShip,InStorePickup",,,,Watermelon,,,Small
Mystic_Dev,HikeJack_014,HikeJack_014-9,Yes,,,,,,,0.0000,,"DirectShip,InStorePickup",,,,Purple-Rain,,,Large
Mystic_Dev,HikeJack_014,HikeJack_014-8,Yes,,,,,,,0.0000,,"DirectShip,InStorePickup",,,,Purple-Rain,,,Medium
Mystic_Dev,HikeJack_014,HikeJack_014-7,Yes,,,,,,,0.0000,,"DirectShip,InStorePickup",,,,Purple-Rain,,,Small
Mystic_Dev,HikeJack_014,HikeJack_014-6,Yes,,,,,,,0.0000,,"DirectShip,InStorePickup",,,,Grape,,,Large
Mystic_Dev,HikeJack_014,HikeJack_014-5,Yes,,,,,,,0.0000,,"DirectShip,InStorePickup",,,,Grape,,,Medium
Mystic_Dev,HikeJack_014,HikeJack_014-4,Yes,,,,,,,0.0000,,"DirectShip,InStorePickup",,,,Grape,,,Small
Mystic_Dev,HikeJack_014,HikeJack_014-3,Yes,,,,,,,0.0000,,"DirectShip,InStorePickup",,,,Black,,,Large
Mystic_Dev,HikeJack_014,HikeJack_014-2,Yes,,,,,,,0.0000,,"DirectShip,InStorePickup",,,,Black,,,Medium
Mystic_Dev,HikeJack_014,HikeJack_014-1,Yes,,,,,,,0.0000,,"DirectShip,InStorePickup",,,,Black,,,Small
Mystic_Dev,HikeJack_013,HikeJack_013-12,Yes,,,,,,,0.0000,,"DirectShip,InStorePickup",,,,Quiet-Shade/Asphalt,,,XL--18-
Mystic_Dev,HikeJack_013,HikeJack_013-11,Yes,,,,,,,0.0000,,"DirectShip,InStorePickup",,,,Quiet-Shade/Asphalt,,,L--14---16-
Mystic_Dev,HikeJack_013,HikeJack_013-10,Yes,,,,,,,0.0000,,"DirectShip,InStorePickup",,,,Quiet-Shade/Asphalt,,,M--10---12-
Mystic_Dev,HikeJack_013,HikeJack_013-9,Yes,,,,,,,0.0000,,"DirectShip,InStorePickup",,,,Quiet-Shade/Asphalt,,,S--8-
Mystic_Dev,HikeJack_013,HikeJack_013-8,Yes,,,,,,,0.0000,,"DirectShip,InStorePickup",,,,Quiet-Shade/Asphalt,,,XS--6---7-
Mystic_Dev,HikeJack_013,HikeJack_013-7,Yes,,,,,,,0.0000,,"DirectShip,InStorePickup",,,,Quiet-Shade/Asphalt,,,XXS--4---5-
Mystic_Dev,HikeJack_013,HikeJack_013-6,Yes,,,,,,,0.0000,,"DirectShip,InStorePickup",,,,Pacific-Blue/Titanium,,,XL--18-
Mystic_Dev,HikeJack_013,HikeJack_013-5,Yes,,,,,,,0.0000,,"DirectShip,InStorePickup",,,,Pacific-Blue/Titanium,,,L--14---16-
Mystic_Dev,HikeJack_013,HikeJack_013-4,Yes,,,,,,,0.0000,,"DirectShip,InStorePickup",,,,Pacific-Blue/Titanium,,,M--10---12-
Mystic_Dev,HikeJack_013,HikeJack_013-3,Yes,,,,,,,0.0000,,"DirectShip,InStorePickup",,,,Pacific-Blue/Titanium,,,S--8-
Mystic_Dev,HikeJack_013,HikeJack_013-2,Yes,,,,,,,0.0000,,"DirectShip,InStorePickup",,,,Pacific-Blue/Titanium,,,XS--6---7-
Mystic_Dev,HikeJack_013,HikeJack_013-1,Yes,,,,,,,0.0000,,"DirectShip,InStorePickup",,,,Pacific-Blue/Titanium,,,XXS--4---5-
Mystic_Dev,HikeJack_012,HikeJack_012-20,Yes,,,,,,,0.0000,,"DirectShip,InStorePickup",,,,Night/Ultraviolet,,,Extra Large
Mystic_Dev,HikeJack_012,HikeJack_012-19,Yes,,,,,,,0.0000,,"DirectShip,InStorePickup",,,,Night/Ultraviolet,,,Large
Mystic_Dev,HikeJack_012,HikeJack_012-18,Yes,,,,,,,0.0000,,"DirectShip,InStorePickup",,,,Night/Ultraviolet,,,Medium
Mystic_Dev,HikeJack_012,HikeJack_012-17,Yes,,,,,,,0.0000,,"DirectShip,InStorePickup",,,,Night/Ultraviolet,,,Small
Mystic_Dev,HikeJack_012,HikeJack_012-16,Yes,,,,,,,0.0000,,"DirectShip,InStorePickup",,,,Night/Ultraviolet,,,XS
Mystic_Dev,HikeJack_012,HikeJack_012-15,Yes,,,,,,,0.0000,,"DirectShip,InStorePickup",,,,Elderberry,,,Extra Large
Mystic_Dev,HikeJack_012,HikeJack_012-14,Yes,,,,,,,0.0000,,"DirectShip,InStorePickup",,,,Elderberry,,,Large
Mystic_Dev,HikeJack_012,HikeJack_012-13,Yes,,,,,,,0.0000,,"DirectShip,InStorePickup",,,,Elderberry,,,Medium
Mystic_Dev,HikeJack_012,HikeJack_012-12,Yes,,,,,,,0.0000,,"DirectShip,InStorePickup",,,,Elderberry,,,Small
Mystic_Dev,HikeJack_012,HikeJack_012-11,Yes,,,,,,,0.0000,,"DirectShip,InStorePickup",,,,Elderberry,,,XS
Mystic_Dev,HikeJack_012,HikeJack_012-10,Yes,,,,,,,0.0000,,"DirectShip,InStorePickup",,,,Cornflower,,,Extra Large
Mystic_Dev,HikeJack_012,HikeJack_012-9,Yes,,,,,,,0.0000,,"DirectShip,InStorePickup",,,,Cornflower,,,Large
Mystic_Dev,HikeJack_012,HikeJack_012-8,Yes,,,,,,,0.0000,,"DirectShip,InStorePickup",,,,Cornflower,,,Medium
Mystic_Dev,HikeJack_012,HikeJack_012-7,Yes,,,,,,,0.0000,,"DirectShip,InStorePickup",,,,Cornflower,,,Small
Mystic_Dev,HikeJack_012,HikeJack_012-6,Yes,,,,,,,0.0000,,"DirectShip,InStorePickup",,,,Cornflower,,,XS
Mystic_Dev,HikeJack_012,HikeJack_012-5,Yes,,,,,,,0.0000,,"DirectShip,InStorePickup",,,,Black,,,Extra Large
Mystic_Dev,HikeJack_012,HikeJack_012-4,Yes,,,,,,,0.0000,,"DirectShip,InStorePickup",,,,Black,,,Large
Mystic_Dev,HikeJack_012,HikeJack_012-3,Yes,,,,,,,0.0000,,"DirectShip,InStorePickup",,,,Black,,,Medium
Mystic_Dev,HikeJack_012,HikeJack_012-2,Yes,,,,,,,0.0000,,"DirectShip,InStorePickup",,,,Black,,,Small
Mystic_Dev,HikeJack_012,HikeJack_012-1,Yes,,,,,,,0.0000,,"DirectShip,InStorePickup",,,,Black,,,XS
Mystic_Dev,HikeJack_002,HikeJack_002-18,Yes,,,,,,,0.0000,,"DirectShip,InStorePickup",,,,Tnf-Black,,,XXXL
Mystic_Dev,HikeJack_002,HikeJack_002-17,Yes,,,,,,,0.0000,,"DirectShip,InStorePickup",,,,Tnf-Black,,,XXL
Mystic_Dev,HikeJack_002,HikeJack_002-16,Yes,,,,,,,0.0000,,"DirectShip,InStorePickup",,,,Tnf-Black,,,Extra Large
Mystic_Dev,HikeJack_002,HikeJack_002-15,Yes,,,,,,,0.0000,,"DirectShip,InStorePickup",,,,Tnf-Black,,,Large
Mystic_Dev,HikeJack_002,HikeJack_002-14,Yes,,,,,,,0.0000,,"DirectShip,InStorePickup",,,,Tnf-Black,,,Medium
Mystic_Dev,HikeJack_002,HikeJack_002-13,Yes,,,,,,,0.0000,,"DirectShip,InStorePickup",,,,Tnf-Black,,,Small
Mystic_Dev,HikeJack_002,HikeJack_002-12,Yes,,,,,,,0.0000,,"DirectShip,InStorePickup",,,,Shady-Blue/Urban-Navy,,,XXXL
Mystic_Dev,HikeJack_002,HikeJack_002-11,Yes,,,,,,,0.0000,,"DirectShip,InStorePickup",,,,Shady-Blue/Urban-Navy,,,XXL
Mystic_Dev,HikeJack_002,HikeJack_002-10,Yes,,,,,,,0.0000,,"DirectShip,InStorePickup",,,,Shady-Blue/Urban-Navy,,,Extra Large
Mystic_Dev,HikeJack_002,HikeJack_002-9,Yes,,,,,,,0.0000,,"DirectShip,InStorePickup",,,,Shady-Blue/Urban-Navy,,,Large
Mystic_Dev,HikeJack_002,HikeJack_002-8,Yes,,,,,,,0.0000,,"DirectShip,InStorePickup",,,,Shady-Blue/Urban-Navy,,,Medium
Mystic_Dev,HikeJack_002,HikeJack_002-7,Yes,,,,,,,0.0000,,"DirectShip,InStorePickup",,,,Shady-Blue/Urban-Navy,,,Small
Mystic_Dev,HikeJack_002,HikeJack_002-6,Yes,,,,,,,0.0000,,"DirectShip,InStorePickup",,,,Asphalt-Grey/Tnf-Black,,,XXXL
Mystic_Dev,HikeJack_002,HikeJack_002-5,Yes,,,,,,,0.0000,,"DirectShip,InStorePickup",,,,Asphalt-Grey/Tnf-Black,,,XXL
Mystic_Dev,HikeJack_002,HikeJack_002-4,Yes,,,,,,,0.0000,,"DirectShip,InStorePickup",,,,Asphalt-Grey/Tnf-Black,,,Extra Large
Mystic_Dev,HikeJack_002,HikeJack_002-3,Yes,,,,,,,0.0000,,"DirectShip,InStorePickup",,,,Asphalt-Grey/Tnf-Black,,,Large
Mystic_Dev,HikeJack_002,HikeJack_002-2,Yes,,,,,,,0.0000,,"DirectShip,InStorePickup",,,,Asphalt-Grey/Tnf-Black,,,Medium
Mystic_Dev,HikeJack_002,HikeJack_002-1,Yes,,,,,,,0.0000,,"DirectShip,InStorePickup",,,,Asphalt-Grey/Tnf-Black,,,Small
Mystic_Dev,HikeJack_001,HikeJack_001-24,Yes,,,,,,,0.0000,,"DirectShip,InStorePickup",,,,Oaks-Brown,,,XXL
Mystic_Dev,HikeJack_001,HikeJack_001-23,Yes,,,,,,,0.0000,,"DirectShip,InStorePickup",,,,Oaks-Brown,,,Extra Large
Mystic_Dev,HikeJack_001,HikeJack_001-22,Yes,,,,,,,0.0000,,"DirectShip,InStorePickup",,,,Oaks-Brown,,,Large
Mystic_Dev,HikeJack_001,HikeJack_001-21,Yes,,,,,,,0.0000,,"DirectShip,InStorePickup",,,,Oaks-Brown,,,Medium
Mystic_Dev,HikeJack_001,HikeJack_001-20,Yes,,,,,,,0.0000,,"DirectShip,InStorePickup",,,,Oaks-Brown,,,Small
Mystic_Dev,HikeJack_001,HikeJack_001-19,Yes,,,,,,,0.0000,,"DirectShip,InStorePickup",,,,Oaks-Brown,,,XS
Mystic_Dev,HikeJack_001,HikeJack_001-18,Yes,,,,,,,0.0000,,"DirectShip,InStorePickup",,,,Buffalo-Green,,,XXL
Mystic_Dev,HikeJack_001,HikeJack_001-17,Yes,,,,,,,0.0000,,"DirectShip,InStorePickup",,,,Buffalo-Green,,,Extra Large
Mystic_Dev,HikeJack_001,HikeJack_001-16,Yes,,,,,,,0.0000,,"DirectShip,InStorePickup",,,,Buffalo-Green,,,Large
Mystic_Dev,HikeJack_001,HikeJack_001-15,Yes,,,,,,,0.0000,,"DirectShip,InStorePickup",,,,Buffalo-Green,,,Medium
Mystic_Dev,HikeJack_001,HikeJack_001-14,Yes,,,,,,,0.0000,,"DirectShip,InStorePickup",,,,Buffalo-Green,,,Small
Mystic_Dev,HikeJack_001,HikeJack_001-13,Yes,,,,,,,0.0000,,"DirectShip,InStorePickup",,,,Buffalo-Green,,,XS
Mystic_Dev,HikeJack_001,HikeJack_001-12,Yes,,,,,,,0.0000,,"DirectShip,InStorePickup",,,,Big-Sur-Blue,,,XXL
Mystic_Dev,HikeJack_001,HikeJack_001-11,Yes,,,,,,,0.0000,,"DirectShip,InStorePickup",,,,Big-Sur-Blue,,,Extra Large
Mystic_Dev,HikeJack_001,HikeJack_001-10,Yes,,,,,,,0.0000,,"DirectShip,InStorePickup",,,,Big-Sur-Blue,,,Large
Mystic_Dev,HikeJack_001,HikeJack_001-9,Yes,,,,,,,0.0000,,"DirectShip,InStorePickup",,,,Big-Sur-Blue,,,Medium
Mystic_Dev,HikeJack_001,HikeJack_001-8,Yes,,,,,,,0.0000,,"DirectShip,InStorePickup",,,,Big-Sur-Blue,,,Small
Mystic_Dev,HikeJack_001,HikeJack_001-7,Yes,,,,,,,0.0000,,"DirectShip,InStorePickup",,,,Big-Sur-Blue,,,XS
Mystic_Dev,HikeJack_001,HikeJack_001-6,Yes,,,,,,,0.0000,,"DirectShip,InStorePickup",,,,Andes-Blue,,,XXL
Mystic_Dev,HikeJack_001,HikeJack_001-5,Yes,,,,,,,0.0000,,"DirectShip,InStorePickup",,,,Andes-Blue,,,Extra Large
Mystic_Dev,HikeJack_001,HikeJack_001-4,Yes,,,,,,,0.0000,,"DirectShip,InStorePickup",,,,Andes-Blue,,,Large
Mystic_Dev,HikeJack_001,HikeJack_001-3,Yes,,,,,,,0.0000,,"DirectShip,InStorePickup",,,,Andes-Blue,,,Medium
Mystic_Dev,HikeJack_001,HikeJack_001-2,Yes,,,,,,,0.0000,,"DirectShip,InStorePickup",,,,Andes-Blue,,,Small
Mystic_Dev,HikeJack_001,HikeJack_001-1,Yes,,,,,,,0.0000,,"DirectShip,InStorePickup",,,,Andes-Blue,,,XS
Mystic_Dev,Hats_010,Hats_010-6,Yes,,,,,,,0.0000,,"DirectShip,InStorePickup",,,,Wheat,,,S/M
Mystic_Dev,Hats_010,Hats_010-5,Yes,,,,,,,0.0000,,"DirectShip,InStorePickup",,,,Wheat,,,L/XL
Mystic_Dev,Hats_010,Hats_010-4,Yes,,,,,,,0.0000,,"DirectShip,InStorePickup",,,,Dusty-Rose,,,S/M
Mystic_Dev,Hats_010,Hats_010-3,Yes,,,,,,,0.0000,,"DirectShip,InStorePickup",,,,Dusty-Rose,,,L/XL
Mystic_Dev,Hats_010,Hats_010-2,Yes,,,,,,,0.0000,,"DirectShip,InStorePickup",,,,Black,,,S/M
Mystic_Dev,Hats_010,Hats_010-1,Yes,,,,,,,0.0000,,"DirectShip,InStorePickup",,,,Black,,,L/XL
Mystic_Dev,Hats_009,Hats_009-2,Yes,,,,,,,0.0000,,"DirectShip,InStorePickup",,,,White,,,
Mystic_Dev,Hats_009,Hats_009-1,Yes,,,,,,,0.0000,,"DirectShip,InStorePickup",,,,Seaport,,,
Mystic_Dev,Hats_008,Hats_008-4,Yes,,,,,,,0.0000,,"DirectShip,InStorePickup",,,,Dusk,,,S/M
Mystic_Dev,Hats_008,Hats_008-3,Yes,,,,,,,0.0000,,"DirectShip,InStorePickup",,,,Dusk,,,L/XL
Mystic_Dev,Hats_008,Hats_008-2,Yes,,,,,,,0.0000,,"DirectShip,InStorePickup",,,,Crocus,,,S/M
Mystic_Dev,Hats_008,Hats_008-1,Yes,,,,,,,0.0000,,"DirectShip,InStorePickup",,,,Crocus,,,L/XL
Mystic_Dev,Hats_007,Hats_007-12,Yes,,,,,,,0.0000,,"DirectShip,InStorePickup",,,,Pewter,,,Extra Large
Mystic_Dev,Hats_007,Hats_007-11,Yes,,,,,,,0.0000,,"DirectShip,InStorePickup",,,,Pewter,,,Small
Mystic_Dev,Hats_007,Hats_007-10,Yes,,,,,,,0.0000,,"DirectShip,InStorePickup",,,,Pewter,,,Medium
Mystic_Dev,Hats_007,Hats_007-9,Yes,,,,,,,0.0000,,"DirectShip,InStorePickup",,,,Pewter,,,Large
Mystic_Dev,Hats_007,Hats_007-8,Yes,,,,,,,0.0000,,"DirectShip,InStorePickup",,,,Earth,,,Extra Large
Mystic_Dev,Hats_007,Hats_007-7,Yes,,,,,,,0.0000,,"DirectShip,InStorePickup",,,,Earth,,,Small
Mystic_Dev,Hats_007,Hats_007-6,Yes,,,,,,,0.0000,,"DirectShip,InStorePickup",,,,Earth,,,Medium
Mystic_Dev,Hats_007,Hats_007-5,Yes,,,,,,,0.0000,,"DirectShip,InStorePickup",,,,Earth,,,Large
Mystic_Dev,Hats_007,Hats_007-4,Yes,,,,,,,0.0000,,"DirectShip,InStorePickup",,,,Cairn,,,Extra Large
Mystic_Dev,Hats_007,Hats_007-3,Yes,,,,,,,0.0000,,"DirectShip,InStorePickup",,,,Cairn,,,Small
Mystic_Dev,Hats_007,Hats_007-2,Yes,,,,,,,0.0000,,"DirectShip,InStorePickup",,,,Cairn,,,Medium
Mystic_Dev,Hats_007,Hats_007-1,Yes,,,,,,,0.0000,,"DirectShip,InStorePickup",,,,Cairn,,,Large
Mystic_Dev,Hats_006,Hats_006-2,Yes,,,,,,,0.0000,,"DirectShip,InStorePickup",,,,Pelican,,,
Mystic_Dev,Hats_006,Hats_006-1,Yes,,,,,,,0.0000,,"DirectShip,InStorePickup",,,,Big-Sur-Blue,,,
Mystic_Dev,Hats_005,Hats_005-2,Yes,,,,,,,0.0000,,"DirectShip,InStorePickup",,,,Slate,,,
Mystic_Dev,Hats_005,Hats_005-1,Yes,,,,,,,0.0000,,"DirectShip,InStorePickup",,,,Nightshade,,,
Mystic_Dev,Hats_004,Hats_004-4,Yes,,,,,,,0.0000,,"DirectShip,InStorePickup",,,,Sangria,,,S/M
Mystic_Dev,Hats_004,Hats_004-3,Yes,,,,,,,0.0000,,"DirectShip,InStorePickup",,,,Sangria,,,L/XL
Mystic_Dev,Hats_004,Hats_004-2,Yes,,,,,,,0.0000,,"DirectShip,InStorePickup",,,,Dusk,,,S/M
Mystic_Dev,Hats_004,Hats_004-1,Yes,,,,,,,0.0000,,"DirectShip,InStorePickup",,,,Dusk,,,L/XL
Mystic_Dev,HikeShorts_005,HikeShorts_005-6,Yes,,,,,,,0.0000,,"DirectShip,InStorePickup",,,,,,,38
Mystic_Dev,HikeShorts_005,HikeShorts_005-5,Yes,,,,,,,0.0000,,"DirectShip,InStorePickup",,,,,,,36
Mystic_Dev,HikeShorts_005,HikeShorts_005-4,Yes,,,,,,,0.0000,,"DirectShip,InStorePickup",,,,,,,34
Mystic_Dev,HikeShorts_005,HikeShorts_005-3,Yes,,,,,,,0.0000,,"DirectShip,InStorePickup",,,,,,,32
Mystic_Dev,HikeShorts_005,HikeShorts_005-2,Yes,,,,,,,0.0000,,"DirectShip,InStorePickup",,,,,,,31
Mystic_Dev,HikeShorts_005,HikeShorts_005-1,Yes,,,,,,,0.0000,,"DirectShip,InStorePickup",,,,,,,30
Mystic_Dev,HikeShorts_004,HikeShorts_004-10,Yes,,,,,,,0.0000,,"DirectShip,InStorePickup",,,,,,,40
Mystic_Dev,HikeShorts_004,HikeShorts_004-9,Yes,,,,,,,0.0000,,"DirectShip,InStorePickup",,,,,,,38
Mystic_Dev,HikeShorts_004,HikeShorts_004-8,Yes,,,,,,,0.0000,,"DirectShip,InStorePickup",,,,,,,36
Mystic_Dev,HikeShorts_004,HikeShorts_004-7,Yes,,,,,,,0.0000,,"DirectShip,InStorePickup",,,,,,,35
Mystic_Dev,HikeShorts_004,HikeShorts_004-6,Yes,,,,,,,0.0000,,"DirectShip,InStorePickup",,,,,,,34
Mystic_Dev,HikeShorts_004,HikeShorts_004-5,Yes,,,,,,,0.0000,,"DirectShip,InStorePickup",,,,,,,33
Mystic_Dev,HikeShorts_004,HikeShorts_004-4,Yes,,,,,,,0.0000,,"DirectShip,InStorePickup",,,,,,,32
Mystic_Dev,HikeShorts_004,HikeShorts_004-3,Yes,,,,,,,0.0000,,"DirectShip,InStorePickup",,,,,,,31
Mystic_Dev,HikeShorts_004,HikeShorts_004-2,Yes,,,,,,,0.0000,,"DirectShip,InStorePickup",,,,,,,30
Mystic_Dev,HikeShorts_004,HikeShorts_004-1,Yes,,,,,,,0.0000,,"DirectShip,InStorePickup",,,,,,,28
Mystic_Dev,HikeShorts_002,HikeShorts_002-24,Yes,,,,,,,0.0000,,"DirectShip,InStorePickup",,,,Zinc,,,14
Mystic_Dev,HikeShorts_002,HikeShorts_002-23,Yes,,,,,,,0.0000,,"DirectShip,InStorePickup",,,,Zinc,,,12
Mystic_Dev,HikeShorts_002,HikeShorts_002-22,Yes,,,,,,,0.0000,,"DirectShip,InStorePickup",,,,Zinc,,,10
Mystic_Dev,HikeShorts_002,HikeShorts_002-21,Yes,,,,,,,0.0000,,"DirectShip,InStorePickup",,,,Zinc,,,8
Mystic_Dev,HikeShorts_002,HikeShorts_002-20,Yes,,,,,,,0.0000,,"DirectShip,InStorePickup",,,,Zinc,,,6
Mystic_Dev,HikeShorts_002,HikeShorts_002-19,Yes,,,,,,,0.0000,,"DirectShip,InStorePickup",,,,Zinc,,,4
Mystic_Dev,HikeShorts_002,HikeShorts_002-18,Yes,,,,,,,0.0000,,"DirectShip,InStorePickup",,,,Zinc,,,2
Mystic_Dev,HikeShorts_002,HikeShorts_002-17,Yes,,,,,,,0.0000,,"DirectShip,InStorePickup",,,,Zinc,,,0
Mystic_Dev,HikeShorts_002,HikeShorts_002-16,Yes,,,,,,,0.0000,,"DirectShip,InStorePickup",,,,Sandstorm,,,14
Mystic_Dev,HikeShorts_002,HikeShorts_002-15,Yes,,,,,,,0.0000,,"DirectShip,InStorePickup",,,,Sandstorm,,,12
Mystic_Dev,HikeShorts_002,HikeShorts_002-14,Yes,,,,,,,0.0000,,"DirectShip,InStorePickup",,,,Sandstorm,,,10
Mystic_Dev,HikeShorts_002,HikeShorts_002-13,Yes,,,,,,,0.0000,,"DirectShip,InStorePickup",,,,Sandstorm,,,8
Mystic_Dev,HikeShorts_002,HikeShorts_002-12,Yes,,,,,,,0.0000,,"DirectShip,InStorePickup",,,,Sandstorm,,,6
Mystic_Dev,HikeShorts_002,HikeShorts_002-11,Yes,,,,,,,0.0000,,"DirectShip,InStorePickup",,,,Sandstorm,,,4
Mystic_Dev,HikeShorts_002,HikeShorts_002-10,Yes,,,,,,,0.0000,,"DirectShip,InStorePickup",,,,Sandstorm,,,2
Mystic_Dev,HikeShorts_002,HikeShorts_002-9,Yes,,,,,,,0.0000,,"DirectShip,InStorePickup",,,,Sandstorm,,,0
Mystic_Dev,HikeShorts_002,HikeShorts_002-8,Yes,,,,,,,0.0000,,"DirectShip,InStorePickup",,,,Manta-Grey,,,14
Mystic_Dev,HikeShorts_002,HikeShorts_002-7,Yes,,,,,,,0.0000,,"DirectShip,InStorePickup",,,,Manta-Grey,,,12
Mystic_Dev,HikeShorts_002,HikeShorts_002-6,Yes,,,,,,,0.0000,,"DirectShip,InStorePickup",,,,Manta-Grey,,,10
Mystic_Dev,HikeShorts_002,HikeShorts_002-5,Yes,,,,,,,0.0000,,"DirectShip,InStorePickup",,,,Manta-Grey,,,8
Mystic_Dev,HikeShorts_002,HikeShorts_002-4,Yes,,,,,,,0.0000,,"DirectShip,InStorePickup",,,,Manta-Grey,,,6
Mystic_Dev,HikeShorts_002,HikeShorts_002-3,Yes,,,,,,,0.0000,,"DirectShip,InStorePickup",,,,Manta-Grey,,,4
Mystic_Dev,HikeShorts_002,HikeShorts_002-2,Yes,,,,,,,0.0000,,"DirectShip,InStorePickup",,,,Manta-Grey,,,2
Mystic_Dev,HikeShorts_002,HikeShorts_002-1,Yes,,,,,,,0.0000,,"DirectShip,InStorePickup",,,,Manta-Grey,,,0
Mystic_Dev,HikeShorts_001,HikeShorts_001-11,Yes,,,,,,,0.0000,,"DirectShip,InStorePickup",,,,,,,42
Mystic_Dev,HikeShorts_001,HikeShorts_001-10,Yes,,,,,,,0.0000,,"DirectShip,InStorePickup",,,,,,,40
Mystic_Dev,HikeShorts_001,HikeShorts_001-9,Yes,,,,,,,0.0000,,"DirectShip,InStorePickup",,,,,,,38
Mystic_Dev,HikeShorts_001,HikeShorts_001-8,Yes,,,,,,,0.0000,,"DirectShip,InStorePickup",,,,,,,36
Mystic_Dev,HikeShorts_001,HikeShorts_001-7,Yes,,,,,,,0.0000,,"DirectShip,InStorePickup",,,,,,,35
Mystic_Dev,HikeShorts_001,HikeShorts_001-6,Yes,,,,,,,0.0000,,"DirectShip,InStorePickup",,,,,,,34
Mystic_Dev,HikeShorts_001,HikeShorts_001-5,Yes,,,,,,,0.0000,,"DirectShip,InStorePickup",,,,,,,33
Mystic_Dev,HikeShorts_001,HikeShorts_001-4,Yes,,,,,,,0.0000,,"DirectShip,InStorePickup",,,,,,,32
Mystic_Dev,HikeShorts_001,HikeShorts_001-3,Yes,,,,,,,0.0000,,"DirectShip,InStorePickup",,,,,,,31
Mystic_Dev,HikeShorts_001,HikeShorts_001-2,Yes,,,,,,,0.0000,,"DirectShip,InStorePickup",,,,,,,30
Mystic_Dev,HikeShorts_001,HikeShorts_001-1,Yes,,,,,,,0.0000,,"DirectShip,InStorePickup",,,,,,,28
Mystic_Dev,HKFT_004,HKFT_004-9,Yes,,,,,,,0.0000,,"DirectShip,InStorePickup",,,,,13,,
Mystic_Dev,HKFT_004,HKFT_004-8,Yes,,,,,,,0.0000,,"DirectShip,InStorePickup",,,,,10.5,,
Mystic_Dev,HKFT_004,HKFT_004-7,Yes,,,,,,,0.0000,,"DirectShip,InStorePickup",,,,,10,,
Mystic_Dev,HKFT_004,HKFT_004-6,Yes,,,,,,,0.0000,,"DirectShip,InStorePickup",,,,,9.5,,
Mystic_Dev,HKFT_004,HKFT_004-5,Yes,,,,,,,0.0000,,"DirectShip,InStorePickup",,,,,9,,
Mystic_Dev,HKFT_004,HKFT_004-4,Yes,,,,,,,0.0000,,"DirectShip,InStorePickup",,,,,8.5,,
Mystic_Dev,HKFT_004,HKFT_004-3,Yes,,,,,,,0.0000,,"DirectShip,InStorePickup",,,,,8,,
Mystic_Dev,HKFT_004,HKFT_004-2,Yes,,,,,,,0.0000,,"DirectShip,InStorePickup",,,,,7.5,,
Mystic_Dev,HKFT_004,HKFT_004-1,Yes,,,,,,,0.0000,,"DirectShip,InStorePickup",,,,,7,,
Mystic_Dev,HKFT_003,HKFT_003-22,Yes,,,,,,,0.0000,,"DirectShip,InStorePickup",,,,Olive,13,,
Mystic_Dev,HKFT_003,HKFT_003-21,Yes,,,,,,,0.0000,,"DirectShip,InStorePickup",,,,Olive,11.5,,
Mystic_Dev,HKFT_003,HKFT_003-20,Yes,,,,,,,0.0000,,"DirectShip,InStorePickup",,,,Olive,11,,
Mystic_Dev,HKFT_003,HKFT_003-19,Yes,,,,,,,0.0000,,"DirectShip,InStorePickup",,,,Olive,10.5,,
Mystic_Dev,HKFT_003,HKFT_003-18,Yes,,,,,,,0.0000,,"DirectShip,InStorePickup",,,,Olive,10,,
Mystic_Dev,HKFT_003,HKFT_003-17,Yes,,,,,,,0.0000,,"DirectShip,InStorePickup",,,,Olive,9.5,,
Mystic_Dev,HKFT_003,HKFT_003-16,Yes,,,,,,,0.0000,,"DirectShip,InStorePickup",,,,Olive,9,,
Mystic_Dev,HKFT_003,HKFT_003-15,Yes,,,,,,,0.0000,,"DirectShip,InStorePickup",,,,Olive,8.5,,
Mystic_Dev,HKFT_003,HKFT_003-14,Yes,,,,,,,0.0000,,"DirectShip,InStorePickup",,,,Olive,8,,
Mystic_Dev,HKFT_003,HKFT_003-13,Yes,,,,,,,0.0000,,"DirectShip,InStorePickup",,,,Olive,7.5,,
Mystic_Dev,HKFT_003,HKFT_003-12,Yes,,,,,,,0.0000,,"DirectShip,InStorePickup",,,,Olive,7,,
Mystic_Dev,HKFT_003,HKFT_003-11,Yes,,,,,,,0.0000,,"DirectShip,InStorePickup",,,,Burnt-Maple,13,,
Mystic_Dev,HKFT_003,HKFT_003-10,Yes,,,,,,,0.0000,,"DirectShip,InStorePickup",,,,Burnt-Maple,11.5,,
Mystic_Dev,HKFT_003,HKFT_003-9,Yes,,,,,,,0.0000,,"DirectShip,InStorePickup",,,,Burnt-Maple,11,,
Mystic_Dev,HKFT_003,HKFT_003-8,Yes,,,,,,,0.0000,,"DirectShip,InStorePickup",,,,Burnt-Maple,10.5,,
Mystic_Dev,HKFT_003,HKFT_003-7,Yes,,,,,,,0.0000,,"DirectShip,InStorePickup",,,,Burnt-Maple,10,,
Mystic_Dev,HKFT_003,HKFT_003-6,Yes,,,,,,,0.0000,,"DirectShip,InStorePickup",,,,Burnt-Maple,9.5,,
Mystic_Dev,HKFT_003,HKFT_003-5,Yes,,,,,,,0.0000,,"DirectShip,InStorePickup",,,,Burnt-Maple,9,,
Mystic_Dev,HKFT_003,HKFT_003-4,Yes,,,,,,,0.0000,,"DirectShip,InStorePickup",,,,Burnt-Maple,8.5,,
Mystic_Dev,HKFT_003,HKFT_003-3,Yes,,,,,,,0.0000,,"DirectShip,InStorePickup",,,,Burnt-Maple,8,,
Mystic_Dev,HKFT_003,HKFT_003-2,Yes,,,,,,,0.0000,,"DirectShip,InStorePickup",,,,Burnt-Maple,7.5,,
Mystic_Dev,HKFT_003,HKFT_003-1,Yes,,,,,,,0.0000,,"DirectShip,InStorePickup",,,,Burnt-Maple,7,,
Mystic_Dev,HKFT_002,HKFT_002-10,Yes,,,,,,,0.0000,,"DirectShip,InStorePickup",,,,,10.5,,
Mystic_Dev,HKFT_002,HKFT_002-9,Yes,,,,,,,0.0000,,"DirectShip,InStorePickup",,,,,10,,
Mystic_Dev,HKFT_002,HKFT_002-8,Yes,,,,,,,0.0000,,"DirectShip,InStorePickup",,,,,9.5,,
Mystic_Dev,HKFT_002,HKFT_002-7,Yes,,,,,,,0.0000,,"DirectShip,InStorePickup",,,,,9,,
Mystic_Dev,HKFT_002,HKFT_002-6,Yes,,,,,,,0.0000,,"DirectShip,InStorePickup",,,,,8.5,,
Mystic_Dev,HKFT_002,HKFT_002-5,Yes,,,,,,,0.0000,,"DirectShip,InStorePickup",,,,,8,,
Mystic_Dev,HKFT_002,HKFT_002-4,Yes,,,,,,,0.0000,,"DirectShip,InStorePickup",,,,,7.5,,
Mystic_Dev,HKFT_002,HKFT_002-3,Yes,,,,,,,0.0000,,"DirectShip,InStorePickup",,,,,7,,
Mystic_Dev,HKFT_002,HKFT_002-2,Yes,,,,,,,0.0000,,"DirectShip,InStorePickup",,,,,6.5,,
Mystic_Dev,HKFT_002,HKFT_002-1,Yes,,,,,,,0.0000,,"DirectShip,InStorePickup",,,,,6,,
Mystic_Dev,HKFT_001,HKFT_001-10,Yes,,,,,,,0.0000,,"DirectShip,InStorePickup",,,,,13,,
Mystic_Dev,HKFT_001,HKFT_001-9,Yes,,,,,,,0.0000,,"DirectShip,InStorePickup",,,,,12,,
Mystic_Dev,HKFT_001,HKFT_001-8,Yes,,,,,,,0.0000,,"DirectShip,InStorePickup",,,,,11.5,,
Mystic_Dev,HKFT_001,HKFT_001-7,Yes,,,,,,,0.0000,,"DirectShip,InStorePickup",,,,,11,,
Mystic_Dev,HKFT_001,HKFT_001-6,Yes,,,,,,,0.0000,,"DirectShip,InStorePickup",,,,,10.5,,
Mystic_Dev,HKFT_001,HKFT_001-5,Yes,,,,,,,0.0000,,"DirectShip,InStorePickup",,,,,10,,
Mystic_Dev,HKFT_001,HKFT_001-4,Yes,,,,,,,0.0000,,"DirectShip,InStorePickup",,,,,9.5,,
Mystic_Dev,HKFT_001,HKFT_001-3,Yes,,,,,,,0.0000,,"DirectShip,InStorePickup",,,,,9,,
Mystic_Dev,HKFT_001,HKFT_001-2,Yes,,,,,,,0.0000,,"DirectShip,InStorePickup",,,,,8.5,,
Mystic_Dev,HKFT_001,HKFT_001-1,Yes,,,,,,,0.0000,,"DirectShip,InStorePickup",,,,,8,,
Mystic_Dev,HikeShorts_008,HikeShorts_008-4,Yes,,,,,,,0.0000,,"DirectShip,InStorePickup",,,,,,,10
Mystic_Dev,HikeShorts_008,HikeShorts_008-3,Yes,,,,,,,0.0000,,"DirectShip,InStorePickup",,,,,,,8
Mystic_Dev,HikeShorts_008,HikeShorts_008-2,Yes,,,,,,,0.0000,,"DirectShip,InStorePickup",,,,,,,6
Mystic_Dev,HikeShorts_008,HikeShorts_008-1,Yes,,,,,,,0.0000,,"DirectShip,InStorePickup",,,,,,,4
Mystic_Dev,HikeShorts_007,HikeShorts_007-20,Yes,,,,,,,0.0000,,"DirectShip,InStorePickup",,,,Tundra,,,42
Mystic_Dev,HikeShorts_007,HikeShorts_007-19,Yes,,,,,,,0.0000,,"DirectShip,InStorePickup",,,,Tundra,,,40
Mystic_Dev,HikeShorts_007,HikeShorts_007-18,Yes,,,,,,,0.0000,,"DirectShip,InStorePickup",,,,Tundra,,,38
Mystic_Dev,HikeShorts_007,HikeShorts_007-17,Yes,,,,,,,0.0000,,"DirectShip,InStorePickup",,,,Tundra,,,36
Mystic_Dev,HikeShorts_007,HikeShorts_007-16,Yes,,,,,,,0.0000,,"DirectShip,InStorePickup",,,,Tundra,,,34
Mystic_Dev,HikeShorts_007,HikeShorts_007-15,Yes,,,,,,,0.0000,,"DirectShip,InStorePickup",,,,Tundra,,,33
Mystic_Dev,HikeShorts_007,HikeShorts_007-14,Yes,,,,,,,0.0000,,"DirectShip,InStorePickup",,,,Tundra,,,32
Mystic_Dev,HikeShorts_007,HikeShorts_007-13,Yes,,,,,,,0.0000,,"DirectShip,InStorePickup",,,,Tundra,,,31
Mystic_Dev,HikeShorts_007,HikeShorts_007-12,Yes,,,,,,,0.0000,,"DirectShip,InStorePickup",,,,Tundra,,,30
Mystic_Dev,HikeShorts_007,HikeShorts_007-11,Yes,,,,,,,0.0000,,"DirectShip,InStorePickup",,,,Tundra,,,28
Mystic_Dev,HikeShorts_007,HikeShorts_007-10,Yes,,,,,,,0.0000,,"DirectShip,InStorePickup",,,,Black,,,42
Mystic_Dev,HikeShorts_007,HikeShorts_007-9,Yes,,,,,,,0.0000,,"DirectShip,InStorePickup",,,,Black,,,40
Mystic_Dev,HikeShorts_007,HikeShorts_007-8,Yes,,,,,,,0.0000,,"DirectShip,InStorePickup",,,,Black,,,38
Mystic_Dev,HikeShorts_007,HikeShorts_007-7,Yes,,,,,,,0.0000,,"DirectShip,InStorePickup",,,,Black,,,36
Mystic_Dev,HikeShorts_007,HikeShorts_007-6,Yes,,,,,,,0.0000,,"DirectShip,InStorePickup",,,,Black,,,34
Mystic_Dev,HikeShorts_007,HikeShorts_007-5,Yes,,,,,,,0.0000,,"DirectShip,InStorePickup",,,,Black,,,33
Mystic_Dev,HikeShorts_007,HikeShorts_007-4,Yes,,,,,,,0.0000,,"DirectShip,InStorePickup",,,,Black,,,32
Mystic_Dev,HikeShorts_007,HikeShorts_007-3,Yes,,,,,,,0.0000,,"DirectShip,InStorePickup",,,,Black,,,31
Mystic_Dev,HikeShorts_007,HikeShorts_007-2,Yes,,,,,,,0.0000,,"DirectShip,InStorePickup",,,,Black,,,30
Mystic_Dev,HikeShorts_007,HikeShorts_007-1,Yes,,,,,,,0.0000,,"DirectShip,InStorePickup",,,,Black,,,28
Mystic_Dev,HikeShorts_006,HikeShorts_006-5,Yes,,,,,,,0.0000,,"DirectShip,InStorePickup",,,,,,,XXL
Mystic_Dev,HikeShorts_006,HikeShorts_006-4,Yes,,,,,,,0.0000,,"DirectShip,InStorePickup",,,,,,,Extra Large
Mystic_Dev,HikeShorts_006,HikeShorts_006-3,Yes,,,,,,,0.0000,,"DirectShip,InStorePickup",,,,,,,Large
Mystic_Dev,HikeShorts_006,HikeShorts_006-2,Yes,,,,,,,0.0000,,"DirectShip,InStorePickup",,,,,,,Medium
Mystic_Dev,HikeShorts_006,HikeShorts_006-1,Yes,,,,,,,0.0000,,"DirectShip,InStorePickup",,,,,,,Small